[00:40:18.591] Try reusing port from lock file: 3568
[00:40:18.609] Server listening on port 3568, PID 7492
[00:40:18.618] readProjectFiles, Found 66 files to read.
[00:40:18.688] Starting PAI Cloud Dev...
[00:40:19.335] [PAI SDK] createCloudSession response: {
  "code": 0,
  "msg": "success",
  "sandboxId": "vefaas-f0vkicge-pyw70jixna-d8dgnho2op1mmqgb1al0-sandbox",
  "endpoint": "https://sd62opo6oqou1ckhsuo00.apigateway-cn-beijing.volceapi.com"
}
[00:40:19.571] [PAI SDK] cloudServer.start called, appId: pai-preview-trae-908f3b3b
[00:40:20.120] [PAI SDK] Received event: log {"content":"\n> taro_template@1.0.0 dev:h5\n> npm run build:h5 -- --watch\n\n","timestamp":1780159222414}
[00:40:20.294] [PAI SDK] Received event: log {"content":"\n> taro_template@1.0.0 build:h5\n> taro build --type h5 --watch\n\n","timestamp":1780159222608}
[00:40:20.788] [PAI SDK] Received event: log {"content":"👽 Taro v4.1.9\n\n","timestamp":1780159223081}
[00:40:22.518] [PAI SDK] Received event: log {"content":"Tips:\n1. 建议开启持久化缓存功能，能有效提升二次编译速度，详情请参考: https://docs.taro.zone/docs/config-detail#cache。\n\n\n","timestamp":1780159224832}
[00:40:25.025] [Preview Server] Frontend connected, clients size = 1
[00:40:26.159] [PAI SDK] Received event: log {"content":"ℹ 预览端口 10086 被占用, 自动切换到空闲端口 10088\n","timestamp":1780159228473}
[00:40:27.198] [PAI SDK] Received event: log {"content":"- 即将开始启动编译，请稍等~\n","timestamp":1780159229513}
[00:40:43.018] [PAI SDK] Received event: log {"content":"✅  编译成功 5/31/2026, 12:40:45 AM\n\n","timestamp":1780159245316}
[00:40:43.019] [PAI SDK] cloudServer.start response: {
  "status": "running",
  "msg": "Cloud Server started successfully.",
  "hash": "pai-preview-trae-908f3b3b"
}
[00:42:51.169] File change detected. Updating...
[00:42:51.176] readProjectFiles, Found 66 files to read.
[00:42:51.191] Files read. Count: 66
[00:42:51.191] Calling pai.updateCloudDev...
[00:42:51.192] [PAI SDK] cloudServer.update called, appId: pai-preview-trae-908f3b3b
[00:42:51.331] [PAI SDK] Received event: reload {"url":"aipa://pai-preview-trae-908f3b3b.aipa-cloud.bytedance.net?type=pai","timestamp":1780159373647}
[00:42:51.332] [PAI SDK] CloudServer received reload event: {"url":"aipa://pai-preview-trae-908f3b3b.aipa-cloud.bytedance.net?type=pai","timestamp":1780159373647}
[00:42:51.332] [PAI SDK] reload, url = https://sd62opo6oqou1ckhsuo00.apigateway-cn-beijing.volceapi.com/?faasInstanceName=vefaas-f0vkicge-pyw70jixna-d8dgnho2op1mmqgb1al0-sandbox&hash=pai-preview-trae-908f3b3b
[00:42:51.332] [PAI SDK] cloudServer.update response: {
  "status": "running",
  "reload": false,
  "hash": "pai-preview-trae-908f3b3b"
}
[00:42:51.332] Update success (pai.updateCloudDev returned)
[00:42:51.394] [PAI SDK] Received event: log {"content":"<i> [webpack-dev-middleware] wait until bundle finished: /\n","timestamp":1780159373710}
[00:42:53.439] [PAI SDK] Received event: log {"content":"✅  编译成功 5/31/2026, 12:42:55 AM\n\n","timestamp":1780159375754}
[00:43:01.031] Received update request via HTTP
[00:43:03.044] File change detected. Updating...
[00:43:03.049] readProjectFiles, Found 66 files to read.
[00:43:03.064] Files read. Count: 66
[00:43:03.064] Calling pai.updateCloudDev...
[00:43:03.065] [PAI SDK] cloudServer.update called, appId: pai-preview-trae-908f3b3b
[00:43:03.162] [PAI SDK] Received event: reload {"url":"aipa://pai-preview-trae-908f3b3b.aipa-cloud.bytedance.net?type=pai","timestamp":1780159385478}
[00:43:03.162] [PAI SDK] CloudServer received reload event: {"url":"aipa://pai-preview-trae-908f3b3b.aipa-cloud.bytedance.net?type=pai","timestamp":1780159385478}
[00:43:03.163] [PAI SDK] reload, url = https://sd62opo6oqou1ckhsuo00.apigateway-cn-beijing.volceapi.com/?faasInstanceName=vefaas-f0vkicge-pyw70jixna-d8dgnho2op1mmqgb1al0-sandbox&hash=pai-preview-trae-908f3b3b
[00:43:03.163] [PAI SDK] cloudServer.update response: {
  "status": "running",
  "reload": false,
  "hash": "pai-preview-trae-908f3b3b"
}
[00:43:03.163] Update success (pai.updateCloudDev returned)
[00:43:03.230] [PAI SDK] Received event: log {"content":"<i> [webpack-dev-middleware] wait until bundle finished: /\n","timestamp":1780159385545}
[00:43:04.749] [PAI SDK] Received event: log {"content":"✅  编译成功 5/31/2026, 12:43:07 AM\n\n","timestamp":1780159387065}
[00:43:06.123] [Preview Server] Frontend disconnected, clients size = 1
[00:43:06.465] [Preview Server] Frontend connected, clients size = 1
[00:43:06.465] Sending cached status to new connection, lastStatusMessage = {"event":"status_change","message":{"url":"https://sd62opo6oqou1ckhsuo00.apigateway-cn-beijing.volceapi.com/?faasInstanceName=vefaas-f0vkicge-pyw70jixna-d8dgnho2op1mmqgb1al0-sandbox&hash=pai-preview-trae-908f3b3b","schema":"aipa://preview?type=pai&aipa_id=pai-preview-trae-908f3b3b&uuid=4b0fdcc3-6d14-4bba-bec7-c120dc9d95b0","status":"running","framework":"taro"}}
[00:45:56.569] File change detected. Updating...
[00:45:56.574] readProjectFiles, Found 66 files to read.
[00:45:56.590] Files read. Count: 66
[00:45:56.590] Calling pai.updateCloudDev...
[00:45:56.590] [PAI SDK] cloudServer.update called, appId: pai-preview-trae-908f3b3b
[00:45:56.672] [PAI SDK] Received event: reload {"url":"aipa://pai-preview-trae-908f3b3b.aipa-cloud.bytedance.net?type=pai","timestamp":1780159558990}
[00:45:56.673] [PAI SDK] CloudServer received reload event: {"url":"aipa://pai-preview-trae-908f3b3b.aipa-cloud.bytedance.net?type=pai","timestamp":1780159558990}
[00:45:56.673] [PAI SDK] reload, url = https://sd62opo6oqou1ckhsuo00.apigateway-cn-beijing.volceapi.com/?faasInstanceName=vefaas-f0vkicge-pyw70jixna-d8dgnho2op1mmqgb1al0-sandbox&hash=pai-preview-trae-908f3b3b
[00:45:56.673] [PAI SDK] cloudServer.update response: {
  "status": "running",
  "reload": false,
  "hash": "pai-preview-trae-908f3b3b"
}
[00:45:56.673] Update success (pai.updateCloudDev returned)
[00:45:56.733] [PAI SDK] Received event: log {"content":"<i> [webpack-dev-middleware] wait until bundle finished: /\n","timestamp":1780159559051}
[00:45:58.737] [PAI SDK] Received event: log {"content":"✅  编译成功 5/31/2026, 12:46:01 AM\n\n","timestamp":1780159561055}
[00:46:04.068] Received update request via HTTP
[00:46:06.084] File change detected. Updating...
[00:46:06.089] readProjectFiles, Found 66 files to read.
[00:46:06.102] Files read. Count: 66
[00:46:06.103] Calling pai.updateCloudDev...
[00:46:06.103] [PAI SDK] cloudServer.update called, appId: pai-preview-trae-908f3b3b
[00:46:06.201] [PAI SDK] Received event: reload {"url":"aipa://pai-preview-trae-908f3b3b.aipa-cloud.bytedance.net?type=pai","timestamp":1780159568518}
[00:46:06.201] [PAI SDK] CloudServer received reload event: {"url":"aipa://pai-preview-trae-908f3b3b.aipa-cloud.bytedance.net?type=pai","timestamp":1780159568518}
[00:46:06.201] [PAI SDK] reload, url = https://sd62opo6oqou1ckhsuo00.apigateway-cn-beijing.volceapi.com/?faasInstanceName=vefaas-f0vkicge-pyw70jixna-d8dgnho2op1mmqgb1al0-sandbox&hash=pai-preview-trae-908f3b3b
[00:46:06.202] [PAI SDK] cloudServer.update response: {
  "status": "running",
  "reload": false,
  "hash": "pai-preview-trae-908f3b3b"
}
[00:46:06.202] Update success (pai.updateCloudDev returned)
[00:46:06.261] [PAI SDK] Received event: log {"content":"<i> [webpack-dev-middleware] wait until bundle finished: /\n","timestamp":1780159568579}
[00:46:07.575] [PAI SDK] Received event: log {"content":"✅  编译成功 5/31/2026, 12:46:09 AM\n\n","timestamp":1780159569892}
[00:46:09.163] [Preview Server] Frontend disconnected, clients size = 1
[00:46:09.507] [Preview Server] Frontend connected, clients size = 1
[00:46:09.507] Sending cached status to new connection, lastStatusMessage = {"event":"status_change","message":{"url":"https://sd62opo6oqou1ckhsuo00.apigateway-cn-beijing.volceapi.com/?faasInstanceName=vefaas-f0vkicge-pyw70jixna-d8dgnho2op1mmqgb1al0-sandbox&hash=pai-preview-trae-908f3b3b","schema":"aipa://preview?type=pai&aipa_id=pai-preview-trae-908f3b3b&uuid=4b0fdcc3-6d14-4bba-bec7-c120dc9d95b0","status":"running","framework":"taro"}}
[00:48:44.783] File change detected. Updating...
[00:48:44.787] readProjectFiles, Found 66 files to read.
[00:48:44.802] Files read. Count: 66
[00:48:44.802] Calling pai.updateCloudDev...
[00:48:44.802] [PAI SDK] cloudServer.update called, appId: pai-preview-trae-908f3b3b
[00:48:44.925] [PAI SDK] Received event: reload {"url":"aipa://pai-preview-trae-908f3b3b.aipa-cloud.bytedance.net?type=pai","timestamp":1780159727245}
[00:48:44.926] [PAI SDK] CloudServer received reload event: {"url":"aipa://pai-preview-trae-908f3b3b.aipa-cloud.bytedance.net?type=pai","timestamp":1780159727245}
[00:48:44.926] [PAI SDK] reload, url = https://sd62opo6oqou1ckhsuo00.apigateway-cn-beijing.volceapi.com/?faasInstanceName=vefaas-f0vkicge-pyw70jixna-d8dgnho2op1mmqgb1al0-sandbox&hash=pai-preview-trae-908f3b3b
[00:48:44.926] [PAI SDK] cloudServer.update response: {
  "status": "running",
  "reload": false,
  "hash": "pai-preview-trae-908f3b3b"
}
[00:48:44.926] Update success (pai.updateCloudDev returned)
[00:48:45.131] [PAI SDK] Received event: log {"content":"<i> [webpack-dev-middleware] wait until bundle finished: /\n","timestamp":1780159727350}
[00:48:46.893] [PAI SDK] Received event: log {"content":"✅  编译成功 5/31/2026, 12:48:49 AM\n\n","timestamp":1780159729149}
[00:49:01.866] File change detected. Updating...
[00:49:01.871] readProjectFiles, Found 66 files to read.
[00:49:01.884] Files read. Count: 66
[00:49:01.885] Calling pai.updateCloudDev...
[00:49:01.885] [PAI SDK] cloudServer.update called, appId: pai-preview-trae-908f3b3b
[00:49:01.981] [PAI SDK] Received event: reload {"url":"aipa://pai-preview-trae-908f3b3b.aipa-cloud.bytedance.net?type=pai","timestamp":1780159744301}
[00:49:01.982] [PAI SDK] CloudServer received reload event: {"url":"aipa://pai-preview-trae-908f3b3b.aipa-cloud.bytedance.net?type=pai","timestamp":1780159744301}
[00:49:01.982] [PAI SDK] reload, url = https://sd62opo6oqou1ckhsuo00.apigateway-cn-beijing.volceapi.com/?faasInstanceName=vefaas-f0vkicge-pyw70jixna-d8dgnho2op1mmqgb1al0-sandbox&hash=pai-preview-trae-908f3b3b
[00:49:01.982] [PAI SDK] cloudServer.update response: {
  "status": "running",
  "reload": false,
  "hash": "pai-preview-trae-908f3b3b"
}
[00:49:01.982] Update success (pai.updateCloudDev returned)
[00:49:02.046] [PAI SDK] Received event: log {"content":"<i> [webpack-dev-middleware] wait until bundle finished: /\n","timestamp":1780159744366}
[00:49:03.948] [PAI SDK] Received event: log {"content":"✅  编译成功 5/31/2026, 12:49:06 AM\n\n","timestamp":1780159746267}
[00:49:10.437] File change detected. Updating...
[00:49:10.441] readProjectFiles, Found 66 files to read.
[00:49:10.459] Files read. Count: 66
[00:49:10.459] Calling pai.updateCloudDev...
[00:49:10.459] [PAI SDK] cloudServer.update called, appId: pai-preview-trae-908f3b3b
[00:49:10.550] [PAI SDK] Received event: reload {"url":"aipa://pai-preview-trae-908f3b3b.aipa-cloud.bytedance.net?type=pai","timestamp":1780159752870}
[00:49:10.550] [PAI SDK] CloudServer received reload event: {"url":"aipa://pai-preview-trae-908f3b3b.aipa-cloud.bytedance.net?type=pai","timestamp":1780159752870}
[00:49:10.550] [PAI SDK] reload, url = https://sd62opo6oqou1ckhsuo00.apigateway-cn-beijing.volceapi.com/?faasInstanceName=vefaas-f0vkicge-pyw70jixna-d8dgnho2op1mmqgb1al0-sandbox&hash=pai-preview-trae-908f3b3b
[00:49:10.550] [PAI SDK] cloudServer.update response: {
  "status": "running",
  "reload": false,
  "hash": "pai-preview-trae-908f3b3b"
}
[00:49:10.550] Update success (pai.updateCloudDev returned)
[00:49:10.607] [PAI SDK] Received event: log {"content":"<i> [webpack-dev-middleware] wait until bundle finished: /\n","timestamp":1780159752927}
[00:49:12.401] [PAI SDK] Received event: log {"content":"✅  编译成功 5/31/2026, 12:49:14 AM\n\n","timestamp":1780159754720}
[00:49:16.458] File change detected. Updating...
[00:49:16.462] readProjectFiles, Found 66 files to read.
[00:49:16.477] Files read. Count: 66
[00:49:16.477] Calling pai.updateCloudDev...
[00:49:16.477] [PAI SDK] cloudServer.update called, appId: pai-preview-trae-908f3b3b
[00:49:16.582] [PAI SDK] Received event: reload {"url":"aipa://pai-preview-trae-908f3b3b.aipa-cloud.bytedance.net?type=pai","timestamp":1780159758902}
[00:49:16.583] [PAI SDK] CloudServer received reload event: {"url":"aipa://pai-preview-trae-908f3b3b.aipa-cloud.bytedance.net?type=pai","timestamp":1780159758902}
[00:49:16.583] [PAI SDK] reload, url = https://sd62opo6oqou1ckhsuo00.apigateway-cn-beijing.volceapi.com/?faasInstanceName=vefaas-f0vkicge-pyw70jixna-d8dgnho2op1mmqgb1al0-sandbox&hash=pai-preview-trae-908f3b3b
[00:49:16.583] [PAI SDK] cloudServer.update response: {
  "status": "running",
  "reload": false,
  "hash": "pai-preview-trae-908f3b3b"
}
[00:49:16.583] Update success (pai.updateCloudDev returned)
[00:49:16.643] [PAI SDK] Received event: log {"content":"<i> [webpack-dev-middleware] wait until bundle finished: /\n","timestamp":1780159758963}
[00:49:17.869] [PAI SDK] Received event: log {"content":"✅  编译成功 5/31/2026, 12:49:20 AM\n\n","timestamp":1780159760189}
[00:49:24.137] Received update request via HTTP
[00:49:26.150] File change detected. Updating...
[00:49:26.155] readProjectFiles, Found 66 files to read.
[00:49:26.169] Files read. Count: 66
[00:49:26.169] Calling pai.updateCloudDev...
[00:49:26.170] [PAI SDK] cloudServer.update called, appId: pai-preview-trae-908f3b3b
[00:49:26.254] [PAI SDK] Received event: reload {"url":"aipa://pai-preview-trae-908f3b3b.aipa-cloud.bytedance.net?type=pai","timestamp":1780159768574}
[00:49:26.255] [PAI SDK] CloudServer received reload event: {"url":"aipa://pai-preview-trae-908f3b3b.aipa-cloud.bytedance.net?type=pai","timestamp":1780159768574}
[00:49:26.255] [PAI SDK] reload, url = https://sd62opo6oqou1ckhsuo00.apigateway-cn-beijing.volceapi.com/?faasInstanceName=vefaas-f0vkicge-pyw70jixna-d8dgnho2op1mmqgb1al0-sandbox&hash=pai-preview-trae-908f3b3b
[00:49:26.255] [PAI SDK] cloudServer.update response: {
  "status": "running",
  "reload": false,
  "hash": "pai-preview-trae-908f3b3b"
}
[00:49:26.255] Update success (pai.updateCloudDev returned)
[00:49:26.315] [PAI SDK] Received event: log {"content":"<i> [webpack-dev-middleware] wait until bundle finished: /\n","timestamp":1780159768634}
[00:49:27.405] [PAI SDK] Received event: log {"content":"✅  编译成功 5/31/2026, 12:49:29 AM\n\n","timestamp":1780159769725}
[00:49:31.225] [Preview Server] Frontend disconnected, clients size = 1
[00:49:31.566] [Preview Server] Frontend connected, clients size = 1
[00:49:31.566] Sending cached status to new connection, lastStatusMessage = {"event":"status_change","message":{"url":"https://sd62opo6oqou1ckhsuo00.apigateway-cn-beijing.volceapi.com/?faasInstanceName=vefaas-f0vkicge-pyw70jixna-d8dgnho2op1mmqgb1al0-sandbox&hash=pai-preview-trae-908f3b3b","schema":"aipa://preview?type=pai&aipa_id=pai-preview-trae-908f3b3b&uuid=4b0fdcc3-6d14-4bba-bec7-c120dc9d95b0","status":"running","framework":"taro"}}
[00:51:22.216] File change detected. Updating...
[00:51:22.220] readProjectFiles, Found 66 files to read.
[00:51:22.234] Files read. Count: 66
[00:51:22.234] Calling pai.updateCloudDev...
[00:51:22.234] [PAI SDK] cloudServer.update called, appId: pai-preview-trae-908f3b3b
[00:51:22.315] [PAI SDK] Received event: reload {"url":"aipa://pai-preview-trae-908f3b3b.aipa-cloud.bytedance.net?type=pai","timestamp":1780159884635}
[00:51:22.315] [PAI SDK] CloudServer received reload event: {"url":"aipa://pai-preview-trae-908f3b3b.aipa-cloud.bytedance.net?type=pai","timestamp":1780159884635}
[00:51:22.315] [PAI SDK] reload, url = https://sd62opo6oqou1ckhsuo00.apigateway-cn-beijing.volceapi.com/?faasInstanceName=vefaas-f0vkicge-pyw70jixna-d8dgnho2op1mmqgb1al0-sandbox&hash=pai-preview-trae-908f3b3b
[00:51:22.315] [PAI SDK] cloudServer.update response: {
  "status": "running",
  "reload": false,
  "hash": "pai-preview-trae-908f3b3b"
}
[00:51:22.315] Update success (pai.updateCloudDev returned)
[00:51:22.374] [PAI SDK] Received event: log {"content":"<i> [webpack-dev-middleware] wait until bundle finished: /\n","timestamp":1780159884695}
[00:51:24.163] [PAI SDK] Received event: log {"content":"✅  编译成功 5/31/2026, 12:51:26 AM\n\n","timestamp":1780159886483}
[00:51:39.929] File change detected. Updating...
[00:51:39.934] readProjectFiles, Found 66 files to read.
[00:51:39.947] Files read. Count: 66
[00:51:39.948] Calling pai.updateCloudDev...
[00:51:39.948] [PAI SDK] cloudServer.update called, appId: pai-preview-trae-908f3b3b
[00:51:40.033] [PAI SDK] Received event: reload {"url":"aipa://pai-preview-trae-908f3b3b.aipa-cloud.bytedance.net?type=pai","timestamp":1780159902353}
[00:51:40.033] [PAI SDK] CloudServer received reload event: {"url":"aipa://pai-preview-trae-908f3b3b.aipa-cloud.bytedance.net?type=pai","timestamp":1780159902353}
[00:51:40.033] [PAI SDK] reload, url = https://sd62opo6oqou1ckhsuo00.apigateway-cn-beijing.volceapi.com/?faasInstanceName=vefaas-f0vkicge-pyw70jixna-d8dgnho2op1mmqgb1al0-sandbox&hash=pai-preview-trae-908f3b3b
[00:51:40.034] [PAI SDK] cloudServer.update response: {
  "status": "running",
  "reload": false,
  "hash": "pai-preview-trae-908f3b3b"
}
[00:51:40.034] Update success (pai.updateCloudDev returned)
[00:51:40.090] [PAI SDK] Received event: log {"content":"<i> [webpack-dev-middleware] wait until bundle finished: /\n","timestamp":1780159902411}
[00:51:41.809] [PAI SDK] Received event: log {"content":"✅  编译成功 5/31/2026, 12:51:44 AM\n\n","timestamp":1780159904129}
[00:51:49.511] Received update request via HTTP
[00:51:51.520] File change detected. Updating...
[00:51:51.525] readProjectFiles, Found 66 files to read.
[00:51:51.539] Files read. Count: 66
[00:51:51.539] Calling pai.updateCloudDev...
[00:51:51.539] [PAI SDK] cloudServer.update called, appId: pai-preview-trae-908f3b3b
[00:51:51.620] [PAI SDK] Received event: reload {"url":"aipa://pai-preview-trae-908f3b3b.aipa-cloud.bytedance.net?type=pai","timestamp":1780159913942}
[00:51:51.620] [PAI SDK] CloudServer received reload event: {"url":"aipa://pai-preview-trae-908f3b3b.aipa-cloud.bytedance.net?type=pai","timestamp":1780159913942}
[00:51:51.621] [PAI SDK] reload, url = https://sd62opo6oqou1ckhsuo00.apigateway-cn-beijing.volceapi.com/?faasInstanceName=vefaas-f0vkicge-pyw70jixna-d8dgnho2op1mmqgb1al0-sandbox&hash=pai-preview-trae-908f3b3b
[00:51:51.621] [PAI SDK] cloudServer.update response: {
  "status": "running",
  "reload": false,
  "hash": "pai-preview-trae-908f3b3b"
}
[00:51:51.621] Update success (pai.updateCloudDev returned)
[00:51:51.678] [PAI SDK] Received event: log {"content":"<i> [webpack-dev-middleware] wait until bundle finished: /\n","timestamp":1780159913999}
[00:51:52.661] [PAI SDK] Received event: log {"content":"✅  编译成功 5/31/2026, 12:51:54 AM\n\n","timestamp":1780159914981}
[00:51:54.470] [Preview Server] Frontend disconnected, clients size = 1
[00:51:54.807] [Preview Server] Frontend connected, clients size = 1
[00:51:54.807] Sending cached status to new connection, lastStatusMessage = {"event":"status_change","message":{"url":"https://sd62opo6oqou1ckhsuo00.apigateway-cn-beijing.volceapi.com/?faasInstanceName=vefaas-f0vkicge-pyw70jixna-d8dgnho2op1mmqgb1al0-sandbox&hash=pai-preview-trae-908f3b3b","schema":"aipa://preview?type=pai&aipa_id=pai-preview-trae-908f3b3b&uuid=4b0fdcc3-6d14-4bba-bec7-c120dc9d95b0","status":"running","framework":"taro"}}
[00:59:10.019] File change detected. Updating...
[00:59:10.024] readProjectFiles, Found 67 files to read.
[00:59:10.037] Files read. Count: 67
[00:59:10.038] Calling pai.updateCloudDev...
[00:59:10.038] [PAI SDK] cloudServer.update called, appId: pai-preview-trae-908f3b3b
[00:59:10.126] [PAI SDK] Received event: reload {"url":"aipa://pai-preview-trae-908f3b3b.aipa-cloud.bytedance.net?type=pai","timestamp":1780160352450}
[00:59:10.126] [PAI SDK] CloudServer received reload event: {"url":"aipa://pai-preview-trae-908f3b3b.aipa-cloud.bytedance.net?type=pai","timestamp":1780160352450}
[00:59:10.126] [PAI SDK] reload, url = https://sd62opo6oqou1ckhsuo00.apigateway-cn-beijing.volceapi.com/?faasInstanceName=vefaas-f0vkicge-pyw70jixna-d8dgnho2op1mmqgb1al0-sandbox&hash=pai-preview-trae-908f3b3b
[00:59:10.126] [PAI SDK] cloudServer.update response: {
  "status": "running",
  "reload": false,
  "hash": "pai-preview-trae-908f3b3b"
}
[00:59:10.127] Update success (pai.updateCloudDev returned)
[00:59:11.736] [PAI SDK] Received event: log {"content":"✅  编译成功 5/31/2026, 12:59:14 AM\n\n","timestamp":1780160354061}
[00:59:58.402] File change detected. Updating...
[00:59:58.408] readProjectFiles, Found 68 files to read.
[00:59:58.423] Files read. Count: 68
[00:59:58.424] Calling pai.updateCloudDev...
[00:59:58.424] [PAI SDK] cloudServer.update called, appId: pai-preview-trae-908f3b3b
[00:59:58.511] [PAI SDK] Received event: reload {"url":"aipa://pai-preview-trae-908f3b3b.aipa-cloud.bytedance.net?type=pai","timestamp":1780160400836}
[00:59:58.511] [PAI SDK] CloudServer received reload event: {"url":"aipa://pai-preview-trae-908f3b3b.aipa-cloud.bytedance.net?type=pai","timestamp":1780160400836}
[00:59:58.511] [PAI SDK] reload, url = https://sd62opo6oqou1ckhsuo00.apigateway-cn-beijing.volceapi.com/?faasInstanceName=vefaas-f0vkicge-pyw70jixna-d8dgnho2op1mmqgb1al0-sandbox&hash=pai-preview-trae-908f3b3b
[00:59:58.512] [PAI SDK] cloudServer.update response: {
  "status": "running",
  "reload": false,
  "hash": "pai-preview-trae-908f3b3b"
}
[00:59:58.512] Update success (pai.updateCloudDev returned)
[00:59:58.582] [PAI SDK] Received event: log {"content":"<i> [webpack-dev-middleware] wait until bundle finished: /\n","timestamp":1780160400908}
[00:59:59.931] [PAI SDK] Received event: log {"content":"✅  编译成功 5/31/2026, 1:00:02 AM\n\n","timestamp":1780160402257}
[01:00:05.793] File change detected. Updating...
[01:00:05.797] readProjectFiles, Found 68 files to read.
[01:00:05.811] Files read. Count: 68
[01:00:05.812] Calling pai.updateCloudDev...
[01:00:05.812] [PAI SDK] cloudServer.update called, appId: pai-preview-trae-908f3b3b
[01:00:05.895] [PAI SDK] Received event: reload {"url":"aipa://pai-preview-trae-908f3b3b.aipa-cloud.bytedance.net?type=pai","timestamp":1780160408221}
[01:00:05.895] [PAI SDK] CloudServer received reload event: {"url":"aipa://pai-preview-trae-908f3b3b.aipa-cloud.bytedance.net?type=pai","timestamp":1780160408221}
[01:00:05.895] [PAI SDK] reload, url = https://sd62opo6oqou1ckhsuo00.apigateway-cn-beijing.volceapi.com/?faasInstanceName=vefaas-f0vkicge-pyw70jixna-d8dgnho2op1mmqgb1al0-sandbox&hash=pai-preview-trae-908f3b3b
[01:00:05.895] [PAI SDK] cloudServer.update response: {
  "status": "running",
  "reload": false,
  "hash": "pai-preview-trae-908f3b3b"
}
[01:00:05.895] Update success (pai.updateCloudDev returned)
[01:00:05.951] [PAI SDK] Received event: log {"content":"<i> [webpack-dev-middleware] wait until bundle finished: /\n","timestamp":1780160408277}
[01:00:07.321] [PAI SDK] Received event: log {"content":"✅  编译成功 5/31/2026, 1:00:09 AM\n\n","timestamp":1780160409646}
[01:00:17.810] Received update request via HTTP
[01:00:19.818] File change detected. Updating...
[01:00:19.825] readProjectFiles, Found 68 files to read.
[01:00:19.838] Files read. Count: 68
[01:00:19.839] Calling pai.updateCloudDev...
[01:00:19.839] [PAI SDK] cloudServer.update called, appId: pai-preview-trae-908f3b3b
[01:00:19.923] [PAI SDK] Received event: reload {"url":"aipa://pai-preview-trae-908f3b3b.aipa-cloud.bytedance.net?type=pai","timestamp":1780160422248}
[01:00:19.923] [PAI SDK] CloudServer received reload event: {"url":"aipa://pai-preview-trae-908f3b3b.aipa-cloud.bytedance.net?type=pai","timestamp":1780160422248}
[01:00:19.923] [PAI SDK] reload, url = https://sd62opo6oqou1ckhsuo00.apigateway-cn-beijing.volceapi.com/?faasInstanceName=vefaas-f0vkicge-pyw70jixna-d8dgnho2op1mmqgb1al0-sandbox&hash=pai-preview-trae-908f3b3b
[01:00:19.923] [PAI SDK] cloudServer.update response: {
  "status": "running",
  "reload": false,
  "hash": "pai-preview-trae-908f3b3b"
}
[01:00:19.924] Update success (pai.updateCloudDev returned)
[01:00:19.982] [PAI SDK] Received event: log {"content":"<i> [webpack-dev-middleware] wait until bundle finished: /\n","timestamp":1780160422308}
[01:00:20.969] [PAI SDK] Received event: log {"content":"✅  编译成功 5/31/2026, 1:00:23 AM\n\n","timestamp":1780160423294}
[01:00:23.071] [Preview Server] Frontend disconnected, clients size = 1
[01:00:23.405] [Preview Server] Frontend connected, clients size = 1
[01:00:23.405] Sending cached status to new connection, lastStatusMessage = {"event":"status_change","message":{"url":"https://sd62opo6oqou1ckhsuo00.apigateway-cn-beijing.volceapi.com/?faasInstanceName=vefaas-f0vkicge-pyw70jixna-d8dgnho2op1mmqgb1al0-sandbox&hash=pai-preview-trae-908f3b3b","schema":"aipa://preview?type=pai&aipa_id=pai-preview-trae-908f3b3b&uuid=4b0fdcc3-6d14-4bba-bec7-c120dc9d95b0","status":"running","framework":"taro"}}
[01:02:28.437] File change detected. Updating...
[01:02:28.441] readProjectFiles, Found 68 files to read.
[01:02:28.455] Files read. Count: 68
[01:02:28.456] Calling pai.updateCloudDev...
[01:02:28.456] [PAI SDK] cloudServer.update called, appId: pai-preview-trae-908f3b3b
[01:02:28.535] [PAI SDK] Received event: reload {"url":"aipa://pai-preview-trae-908f3b3b.aipa-cloud.bytedance.net?type=pai","timestamp":1780160550862}
[01:02:28.535] [PAI SDK] CloudServer received reload event: {"url":"aipa://pai-preview-trae-908f3b3b.aipa-cloud.bytedance.net?type=pai","timestamp":1780160550862}
[01:02:28.535] [PAI SDK] reload, url = https://sd62opo6oqou1ckhsuo00.apigateway-cn-beijing.volceapi.com/?faasInstanceName=vefaas-f0vkicge-pyw70jixna-d8dgnho2op1mmqgb1al0-sandbox&hash=pai-preview-trae-908f3b3b
[01:02:28.535] [PAI SDK] cloudServer.update response: {
  "status": "running",
  "reload": false,
  "hash": "pai-preview-trae-908f3b3b"
}
[01:02:28.535] Update success (pai.updateCloudDev returned)
[01:02:28.593] [PAI SDK] Received event: log {"content":"<i> [webpack-dev-middleware] wait until bundle finished: /\n","timestamp":1780160550920}
[01:02:30.197] [PAI SDK] Received event: log {"content":"✅  编译成功 5/31/2026, 1:02:32 AM\n\n","timestamp":1780160552525}
[01:02:39.282] Received update request via HTTP
[01:02:41.296] File change detected. Updating...
[01:02:41.302] readProjectFiles, Found 68 files to read.
[01:02:41.315] Files read. Count: 68
[01:02:41.315] Calling pai.updateCloudDev...
[01:02:41.315] [PAI SDK] cloudServer.update called, appId: pai-preview-trae-908f3b3b
[01:02:41.403] [PAI SDK] Received event: reload {"url":"aipa://pai-preview-trae-908f3b3b.aipa-cloud.bytedance.net?type=pai","timestamp":1780160563730}
[01:02:41.403] [PAI SDK] CloudServer received reload event: {"url":"aipa://pai-preview-trae-908f3b3b.aipa-cloud.bytedance.net?type=pai","timestamp":1780160563730}
[01:02:41.403] [PAI SDK] reload, url = https://sd62opo6oqou1ckhsuo00.apigateway-cn-beijing.volceapi.com/?faasInstanceName=vefaas-f0vkicge-pyw70jixna-d8dgnho2op1mmqgb1al0-sandbox&hash=pai-preview-trae-908f3b3b
[01:02:41.404] [PAI SDK] cloudServer.update response: {
  "status": "running",
  "reload": false,
  "hash": "pai-preview-trae-908f3b3b"
}
[01:02:41.404] Update success (pai.updateCloudDev returned)
[01:02:41.458] [PAI SDK] Received event: log {"content":"<i> [webpack-dev-middleware] wait until bundle finished: /\n","timestamp":1780160563786}
[01:02:42.502] [PAI SDK] Received event: log {"content":"✅  编译成功 5/31/2026, 1:02:44 AM\n\n","timestamp":1780160564829}
[01:02:45.622] [Preview Server] Frontend disconnected, clients size = 1
[01:02:45.964] [Preview Server] Frontend connected, clients size = 1
[01:02:45.964] Sending cached status to new connection, lastStatusMessage = {"event":"status_change","message":{"url":"https://sd62opo6oqou1ckhsuo00.apigateway-cn-beijing.volceapi.com/?faasInstanceName=vefaas-f0vkicge-pyw70jixna-d8dgnho2op1mmqgb1al0-sandbox&hash=pai-preview-trae-908f3b3b","schema":"aipa://preview?type=pai&aipa_id=pai-preview-trae-908f3b3b&uuid=4b0fdcc3-6d14-4bba-bec7-c120dc9d95b0","status":"running","framework":"taro"}}
[01:04:01.518] File change detected. Updating...
[01:04:01.522] readProjectFiles, Found 68 files to read.
[01:04:01.537] Files read. Count: 68
[01:04:01.537] Calling pai.updateCloudDev...
[01:04:01.538] [PAI SDK] cloudServer.update called, appId: pai-preview-trae-908f3b3b
[01:04:01.622] [PAI SDK] Received event: reload {"url":"aipa://pai-preview-trae-908f3b3b.aipa-cloud.bytedance.net?type=pai","timestamp":1780160643950}
[01:04:01.622] [PAI SDK] CloudServer received reload event: {"url":"aipa://pai-preview-trae-908f3b3b.aipa-cloud.bytedance.net?type=pai","timestamp":1780160643950}
[01:04:01.622] [PAI SDK] reload, url = https://sd62opo6oqou1ckhsuo00.apigateway-cn-beijing.volceapi.com/?faasInstanceName=vefaas-f0vkicge-pyw70jixna-d8dgnho2op1mmqgb1al0-sandbox&hash=pai-preview-trae-908f3b3b
[01:04:01.623] [PAI SDK] cloudServer.update response: {
  "status": "running",
  "reload": false,
  "hash": "pai-preview-trae-908f3b3b"
}
[01:04:01.623] Update success (pai.updateCloudDev returned)
[01:04:01.683] [PAI SDK] Received event: log {"content":"<i> [webpack-dev-middleware] wait until bundle finished: /\n","timestamp":1780160644011}
[01:04:03.176] [PAI SDK] Received event: log {"content":"✅  编译成功 5/31/2026, 1:04:05 AM\n\n","timestamp":1780160645504}
[01:04:09.932] Received update request via HTTP
[01:04:11.935] File change detected. Updating...
[01:04:11.939] readProjectFiles, Found 68 files to read.
[01:04:11.952] Files read. Count: 68
[01:04:11.953] Calling pai.updateCloudDev...
[01:04:11.953] [PAI SDK] cloudServer.update called, appId: pai-preview-trae-908f3b3b
[01:04:12.035] [PAI SDK] Received event: reload {"url":"aipa://pai-preview-trae-908f3b3b.aipa-cloud.bytedance.net?type=pai","timestamp":1780160654363}
[01:04:12.035] [PAI SDK] CloudServer received reload event: {"url":"aipa://pai-preview-trae-908f3b3b.aipa-cloud.bytedance.net?type=pai","timestamp":1780160654363}
[01:04:12.035] [PAI SDK] reload, url = https://sd62opo6oqou1ckhsuo00.apigateway-cn-beijing.volceapi.com/?faasInstanceName=vefaas-f0vkicge-pyw70jixna-d8dgnho2op1mmqgb1al0-sandbox&hash=pai-preview-trae-908f3b3b
[01:04:12.036] [PAI SDK] cloudServer.update response: {
  "status": "running",
  "reload": false,
  "hash": "pai-preview-trae-908f3b3b"
}
[01:04:12.036] Update success (pai.updateCloudDev returned)
[01:04:12.094] [PAI SDK] Received event: log {"content":"<i> [webpack-dev-middleware] wait until bundle finished: /\n","timestamp":1780160654422}
[01:04:12.992] [PAI SDK] Received event: log {"content":"✅  编译成功 5/31/2026, 1:04:15 AM\n\n","timestamp":1780160655320}
[01:04:14.886] [Preview Server] Frontend disconnected, clients size = 1
[01:04:15.227] [Preview Server] Frontend connected, clients size = 1
[01:04:15.228] Sending cached status to new connection, lastStatusMessage = {"event":"status_change","message":{"url":"https://sd62opo6oqou1ckhsuo00.apigateway-cn-beijing.volceapi.com/?faasInstanceName=vefaas-f0vkicge-pyw70jixna-d8dgnho2op1mmqgb1al0-sandbox&hash=pai-preview-trae-908f3b3b","schema":"aipa://preview?type=pai&aipa_id=pai-preview-trae-908f3b3b&uuid=4b0fdcc3-6d14-4bba-bec7-c120dc9d95b0","status":"running","framework":"taro"}}
[01:06:21.420] File change detected. Updating...
[01:06:21.424] readProjectFiles, Found 68 files to read.
[01:06:21.438] Files read. Count: 68
[01:06:21.438] Calling pai.updateCloudDev...
[01:06:21.439] [PAI SDK] cloudServer.update called, appId: pai-preview-trae-908f3b3b
[01:06:21.532] [PAI SDK] Received event: reload {"url":"aipa://pai-preview-trae-908f3b3b.aipa-cloud.bytedance.net?type=pai","timestamp":1780160783861}
[01:06:21.532] [PAI SDK] CloudServer received reload event: {"url":"aipa://pai-preview-trae-908f3b3b.aipa-cloud.bytedance.net?type=pai","timestamp":1780160783861}
[01:06:21.532] [PAI SDK] reload, url = https://sd62opo6oqou1ckhsuo00.apigateway-cn-beijing.volceapi.com/?faasInstanceName=vefaas-f0vkicge-pyw70jixna-d8dgnho2op1mmqgb1al0-sandbox&hash=pai-preview-trae-908f3b3b
[01:06:21.533] [PAI SDK] cloudServer.update response: {
  "status": "running",
  "reload": false,
  "hash": "pai-preview-trae-908f3b3b"
}
[01:06:21.533] Update success (pai.updateCloudDev returned)
[01:06:21.591] [PAI SDK] Received event: log {"content":"<i> [webpack-dev-middleware] wait until bundle finished: /\n","timestamp":1780160783921}
[01:06:23.321] [PAI SDK] Received event: log {"content":"✅  编译成功 5/31/2026, 1:06:25 AM\n\n","timestamp":1780160785650}
[01:06:31.504] Received update request via HTTP
[01:06:33.517] File change detected. Updating...
[01:06:33.521] readProjectFiles, Found 68 files to read.
[01:06:33.535] Files read. Count: 68
[01:06:33.535] Calling pai.updateCloudDev...
[01:06:33.535] [PAI SDK] cloudServer.update called, appId: pai-preview-trae-908f3b3b
[01:06:33.643] [PAI SDK] Received event: reload {"url":"aipa://pai-preview-trae-908f3b3b.aipa-cloud.bytedance.net?type=pai","timestamp":1780160795972}
[01:06:33.643] [PAI SDK] CloudServer received reload event: {"url":"aipa://pai-preview-trae-908f3b3b.aipa-cloud.bytedance.net?type=pai","timestamp":1780160795972}
[01:06:33.643] [PAI SDK] reload, url = https://sd62opo6oqou1ckhsuo00.apigateway-cn-beijing.volceapi.com/?faasInstanceName=vefaas-f0vkicge-pyw70jixna-d8dgnho2op1mmqgb1al0-sandbox&hash=pai-preview-trae-908f3b3b
[01:06:33.643] [PAI SDK] cloudServer.update response: {
  "status": "running",
  "reload": false,
  "hash": "pai-preview-trae-908f3b3b"
}
[01:06:33.644] Update success (pai.updateCloudDev returned)
[01:06:33.700] [PAI SDK] Received event: log {"content":"<i> [webpack-dev-middleware] wait until bundle finished: /\n","timestamp":1780160796030}
[01:06:34.644] [PAI SDK] Received event: log {"content":"✅  编译成功 5/31/2026, 1:06:36 AM\n\n","timestamp":1780160796974}
[01:06:37.620] [Preview Server] Frontend disconnected, clients size = 1
[01:06:37.952] [Preview Server] Frontend connected, clients size = 1
[01:06:37.952] Sending cached status to new connection, lastStatusMessage = {"event":"status_change","message":{"url":"https://sd62opo6oqou1ckhsuo00.apigateway-cn-beijing.volceapi.com/?faasInstanceName=vefaas-f0vkicge-pyw70jixna-d8dgnho2op1mmqgb1al0-sandbox&hash=pai-preview-trae-908f3b3b","schema":"aipa://preview?type=pai&aipa_id=pai-preview-trae-908f3b3b&uuid=4b0fdcc3-6d14-4bba-bec7-c120dc9d95b0","status":"running","framework":"taro"}}
[01:06:49.855] [Preview Server] Frontend connected, clients size = 2
[01:06:49.855] Sending cached status to new connection, lastStatusMessage = {"event":"status_change","message":{"url":"https://sd62opo6oqou1ckhsuo00.apigateway-cn-beijing.volceapi.com/?faasInstanceName=vefaas-f0vkicge-pyw70jixna-d8dgnho2op1mmqgb1al0-sandbox&hash=pai-preview-trae-908f3b3b","schema":"aipa://preview?type=pai&aipa_id=pai-preview-trae-908f3b3b&uuid=4b0fdcc3-6d14-4bba-bec7-c120dc9d95b0","status":"running","framework":"taro"}}
[01:09:14.863] File change detected. Updating...
[01:09:14.867] readProjectFiles, Found 68 files to read.
[01:09:14.884] Files read. Count: 68
[01:09:14.884] Calling pai.updateCloudDev...
[01:09:14.884] [PAI SDK] cloudServer.update called, appId: pai-preview-trae-908f3b3b
[01:09:14.968] [PAI SDK] Received event: reload {"url":"aipa://pai-preview-trae-908f3b3b.aipa-cloud.bytedance.net?type=pai","timestamp":1780160957299}
[01:09:14.968] [PAI SDK] CloudServer received reload event: {"url":"aipa://pai-preview-trae-908f3b3b.aipa-cloud.bytedance.net?type=pai","timestamp":1780160957299}
[01:09:14.968] [PAI SDK] reload, url = https://sd62opo6oqou1ckhsuo00.apigateway-cn-beijing.volceapi.com/?faasInstanceName=vefaas-f0vkicge-pyw70jixna-d8dgnho2op1mmqgb1al0-sandbox&hash=pai-preview-trae-908f3b3b
[01:09:14.968] [PAI SDK] cloudServer.update response: {
  "status": "running",
  "reload": false,
  "hash": "pai-preview-trae-908f3b3b"
}
[01:09:14.969] Update success (pai.updateCloudDev returned)
[01:09:15.025] [PAI SDK] Received event: log {"content":"<i> [webpack-dev-middleware] wait until bundle finished: /\n","timestamp":1780160957356}
[01:09:16.447] [PAI SDK] Received event: log {"content":"✅  编译成功 5/31/2026, 1:09:18 AM\n\n","timestamp":1780160958778}
[01:09:24.043] Received update request via HTTP
[01:09:26.054] File change detected. Updating...
[01:09:26.057] readProjectFiles, Found 68 files to read.
[01:09:26.071] Files read. Count: 68
[01:09:26.071] Calling pai.updateCloudDev...
[01:09:26.071] [PAI SDK] cloudServer.update called, appId: pai-preview-trae-908f3b3b
[01:09:26.156] [PAI SDK] Received event: reload {"url":"aipa://pai-preview-trae-908f3b3b.aipa-cloud.bytedance.net?type=pai","timestamp":1780160968486}
[01:09:26.157] [PAI SDK] CloudServer received reload event: {"url":"aipa://pai-preview-trae-908f3b3b.aipa-cloud.bytedance.net?type=pai","timestamp":1780160968486}
[01:09:26.157] [PAI SDK] reload, url = https://sd62opo6oqou1ckhsuo00.apigateway-cn-beijing.volceapi.com/?faasInstanceName=vefaas-f0vkicge-pyw70jixna-d8dgnho2op1mmqgb1al0-sandbox&hash=pai-preview-trae-908f3b3b
[01:09:26.157] [PAI SDK] cloudServer.update response: {
  "status": "running",
  "reload": false,
  "hash": "pai-preview-trae-908f3b3b"
}
[01:09:26.157] Update success (pai.updateCloudDev returned)
[01:09:26.218] [PAI SDK] Received event: log {"content":"<i> [webpack-dev-middleware] wait until bundle finished: /\n","timestamp":1780160968549}
[01:09:27.238] [PAI SDK] Received event: log {"content":"✅  编译成功 5/31/2026, 1:09:29 AM\n\n","timestamp":1780160969567}
[01:09:29.165] [Preview Server] Frontend disconnected, clients size = 2
[01:09:29.507] [Preview Server] Frontend connected, clients size = 2
[01:09:29.507] Sending cached status to new connection, lastStatusMessage = {"event":"status_change","message":{"url":"https://sd62opo6oqou1ckhsuo00.apigateway-cn-beijing.volceapi.com/?faasInstanceName=vefaas-f0vkicge-pyw70jixna-d8dgnho2op1mmqgb1al0-sandbox&hash=pai-preview-trae-908f3b3b","schema":"aipa://preview?type=pai&aipa_id=pai-preview-trae-908f3b3b&uuid=4b0fdcc3-6d14-4bba-bec7-c120dc9d95b0","status":"running","framework":"taro"}}
[01:11:39.180] File change detected. Updating...
[01:11:39.183] readProjectFiles, Found 68 files to read.
[01:11:39.197] Files read. Count: 68
[01:11:39.198] Calling pai.updateCloudDev...
[01:11:39.198] [PAI SDK] cloudServer.update called, appId: pai-preview-trae-908f3b3b
[01:11:39.287] [PAI SDK] Received event: reload {"url":"aipa://pai-preview-trae-908f3b3b.aipa-cloud.bytedance.net?type=pai","timestamp":1780161101619}
[01:11:39.287] [PAI SDK] CloudServer received reload event: {"url":"aipa://pai-preview-trae-908f3b3b.aipa-cloud.bytedance.net?type=pai","timestamp":1780161101619}
[01:11:39.287] [PAI SDK] reload, url = https://sd62opo6oqou1ckhsuo00.apigateway-cn-beijing.volceapi.com/?faasInstanceName=vefaas-f0vkicge-pyw70jixna-d8dgnho2op1mmqgb1al0-sandbox&hash=pai-preview-trae-908f3b3b
[01:11:39.287] [PAI SDK] cloudServer.update response: {
  "status": "running",
  "reload": false,
  "hash": "pai-preview-trae-908f3b3b"
}
[01:11:39.287] Update success (pai.updateCloudDev returned)
[01:11:39.347] [PAI SDK] Received event: log {"content":"<i> [webpack-dev-middleware] wait until bundle finished: /\n","timestamp":1780161101679}
[01:11:39.478] [PAI SDK] Received event: log {"content":"<i> [webpack-dev-middleware] wait until bundle finished: /\n","timestamp":1780161101810}
[01:11:41.193] [PAI SDK] Received event: log {"content":"✅  编译成功 5/31/2026, 1:11:43 AM\n\n","timestamp":1780161103525}
[01:11:47.553] Received update request via HTTP
[01:11:49.568] File change detected. Updating...
[01:11:49.572] readProjectFiles, Found 68 files to read.
[01:11:49.583] Files read. Count: 68
[01:11:49.583] Calling pai.updateCloudDev...
[01:11:49.583] [PAI SDK] cloudServer.update called, appId: pai-preview-trae-908f3b3b
[01:11:49.666] [PAI SDK] Received event: reload {"url":"aipa://pai-preview-trae-908f3b3b.aipa-cloud.bytedance.net?type=pai","timestamp":1780161111998}
[01:11:49.666] [PAI SDK] CloudServer received reload event: {"url":"aipa://pai-preview-trae-908f3b3b.aipa-cloud.bytedance.net?type=pai","timestamp":1780161111998}
[01:11:49.666] [PAI SDK] reload, url = https://sd62opo6oqou1ckhsuo00.apigateway-cn-beijing.volceapi.com/?faasInstanceName=vefaas-f0vkicge-pyw70jixna-d8dgnho2op1mmqgb1al0-sandbox&hash=pai-preview-trae-908f3b3b
[01:11:49.666] [PAI SDK] cloudServer.update response: {
  "status": "running",
  "reload": false,
  "hash": "pai-preview-trae-908f3b3b"
}
[01:11:49.666] Update success (pai.updateCloudDev returned)
[01:11:49.722] [PAI SDK] Received event: log {"content":"<i> [webpack-dev-middleware] wait until bundle finished: /\n","timestamp":1780161112054}
[01:11:49.737] [PAI SDK] Received event: log {"content":"<i> [webpack-dev-middleware] wait until bundle finished: /\n","timestamp":1780161112070}
[01:11:50.727] [PAI SDK] Received event: log {"content":"✅  编译成功 5/31/2026, 1:11:53 AM\n\n","timestamp":1780161113059}
[01:11:55.359] File change detected. Updating...
[01:11:55.362] readProjectFiles, Found 68 files to read.
[01:11:55.379] Files read. Count: 68
[01:11:55.379] Calling pai.updateCloudDev...
[01:11:55.379] [PAI SDK] cloudServer.update called, appId: pai-preview-trae-908f3b3b
[01:11:55.467] [PAI SDK] Received event: reload {"url":"aipa://pai-preview-trae-908f3b3b.aipa-cloud.bytedance.net?type=pai","timestamp":1780161117799}
[01:11:55.467] [PAI SDK] CloudServer received reload event: {"url":"aipa://pai-preview-trae-908f3b3b.aipa-cloud.bytedance.net?type=pai","timestamp":1780161117799}
[01:11:55.467] [PAI SDK] reload, url = https://sd62opo6oqou1ckhsuo00.apigateway-cn-beijing.volceapi.com/?faasInstanceName=vefaas-f0vkicge-pyw70jixna-d8dgnho2op1mmqgb1al0-sandbox&hash=pai-preview-trae-908f3b3b
[01:11:55.468] [PAI SDK] cloudServer.update response: {
  "status": "running",
  "reload": false,
  "hash": "pai-preview-trae-908f3b3b"
}
[01:11:55.468] Update success (pai.updateCloudDev returned)
[01:11:55.525] [PAI SDK] Received event: log {"content":"<i> [webpack-dev-middleware] wait until bundle finished: /\n","timestamp":1780161117857}
[01:11:55.543] [PAI SDK] Received event: log {"content":"<i> [webpack-dev-middleware] wait until bundle finished: /\n","timestamp":1780161117876}
[01:11:57.371] [PAI SDK] Received event: log {"content":"✅  编译成功 5/31/2026, 1:11:59 AM\n\n","timestamp":1780161119704}
[01:13:39.730] File change detected. Updating...
[01:13:39.734] readProjectFiles, Found 68 files to read.
[01:13:39.747] Files read. Count: 68
[01:13:39.747] Calling pai.updateCloudDev...
[01:13:39.748] [PAI SDK] cloudServer.update called, appId: pai-preview-trae-908f3b3b
[01:13:39.847] [PAI SDK] Received event: reload {"url":"aipa://pai-preview-trae-908f3b3b.aipa-cloud.bytedance.net?type=pai","timestamp":1780161222180}
[01:13:39.847] [PAI SDK] CloudServer received reload event: {"url":"aipa://pai-preview-trae-908f3b3b.aipa-cloud.bytedance.net?type=pai","timestamp":1780161222180}
[01:13:39.847] [PAI SDK] reload, url = https://sd62opo6oqou1ckhsuo00.apigateway-cn-beijing.volceapi.com/?faasInstanceName=vefaas-f0vkicge-pyw70jixna-d8dgnho2op1mmqgb1al0-sandbox&hash=pai-preview-trae-908f3b3b
[01:13:39.847] [PAI SDK] cloudServer.update response: {
  "status": "running",
  "reload": false,
  "hash": "pai-preview-trae-908f3b3b"
}
[01:13:39.847] Update success (pai.updateCloudDev returned)
[01:13:39.908] [PAI SDK] Received event: log {"content":"<i> [webpack-dev-middleware] wait until bundle finished: /\n","timestamp":1780161222242}
[01:13:39.920] [PAI SDK] Received event: log {"content":"<i> [webpack-dev-middleware] wait until bundle finished: /\n","timestamp":1780161222254}
[01:13:41.704] [PAI SDK] Received event: log {"content":"✅  编译成功 5/31/2026, 1:13:44 AM\n\n","timestamp":1780161224038}
[01:13:47.032] File change detected. Updating...
[01:13:47.036] readProjectFiles, Found 68 files to read.
[01:13:47.052] Files read. Count: 68
[01:13:47.053] Calling pai.updateCloudDev...
[01:13:47.053] [PAI SDK] cloudServer.update called, appId: pai-preview-trae-908f3b3b
[01:13:47.156] [PAI SDK] Received event: reload {"url":"aipa://pai-preview-trae-908f3b3b.aipa-cloud.bytedance.net?type=pai","timestamp":1780161229489}
[01:13:47.156] [PAI SDK] CloudServer received reload event: {"url":"aipa://pai-preview-trae-908f3b3b.aipa-cloud.bytedance.net?type=pai","timestamp":1780161229489}
[01:13:47.156] [PAI SDK] reload, url = https://sd62opo6oqou1ckhsuo00.apigateway-cn-beijing.volceapi.com/?faasInstanceName=vefaas-f0vkicge-pyw70jixna-d8dgnho2op1mmqgb1al0-sandbox&hash=pai-preview-trae-908f3b3b
[01:13:47.156] [PAI SDK] cloudServer.update response: {
  "status": "running",
  "reload": false,
  "hash": "pai-preview-trae-908f3b3b"
}
[01:13:47.156] Update success (pai.updateCloudDev returned)
[01:13:47.218] [PAI SDK] Received event: log {"content":"<i> [webpack-dev-middleware] wait until bundle finished: /\n","timestamp":1780161229550}
[01:13:47.226] [PAI SDK] Received event: log {"content":"<i> [webpack-dev-middleware] wait until bundle finished: /\n","timestamp":1780161229560}
[01:13:48.418] [PAI SDK] Received event: log {"content":"✅  编译成功 5/31/2026, 1:13:50 AM\n\n","timestamp":1780161230752}
[01:13:58.893] File change detected. Updating...
[01:13:58.897] readProjectFiles, Found 68 files to read.
[01:13:58.911] Files read. Count: 68
[01:13:58.911] Calling pai.updateCloudDev...
[01:13:58.911] [PAI SDK] cloudServer.update called, appId: pai-preview-trae-908f3b3b
[01:13:59.002] [PAI SDK] Received event: reload {"url":"aipa://pai-preview-trae-908f3b3b.aipa-cloud.bytedance.net?type=pai","timestamp":1780161241335}
[01:13:59.002] [PAI SDK] CloudServer received reload event: {"url":"aipa://pai-preview-trae-908f3b3b.aipa-cloud.bytedance.net?type=pai","timestamp":1780161241335}
[01:13:59.002] [PAI SDK] reload, url = https://sd62opo6oqou1ckhsuo00.apigateway-cn-beijing.volceapi.com/?faasInstanceName=vefaas-f0vkicge-pyw70jixna-d8dgnho2op1mmqgb1al0-sandbox&hash=pai-preview-trae-908f3b3b
[01:13:59.002] [PAI SDK] cloudServer.update response: {
  "status": "running",
  "reload": false,
  "hash": "pai-preview-trae-908f3b3b"
}
[01:13:59.003] Update success (pai.updateCloudDev returned)
[01:13:59.058] [PAI SDK] Received event: log {"content":"<i> [webpack-dev-middleware] wait until bundle finished: /\n","timestamp":1780161241391}
[01:13:59.081] [PAI SDK] Received event: log {"content":"<i> [webpack-dev-middleware] wait until bundle finished: /\n","timestamp":1780161241415}
[01:13:59.533] [PAI SDK] Received event: log {"content":"<i> [webpack-dev-middleware] wait until bundle finished: /js/src_pages_webview_index_tsx.214aaf09.js?faasInstanceName=vefaas-f0vkicge-pyw70jixna-d8dgnho2op1mmqgb1al0-sandbox&hash=pai-preview-trae-908f3b3b\n","timestamp":1780161241867}
[01:14:00.132] [PAI SDK] Received event: log {"content":"✅  编译成功 5/31/2026, 1:14:02 AM\n\n","timestamp":1780161242465}
[01:14:07.484] Received update request via HTTP
[01:14:09.488] File change detected. Updating...
[01:14:09.493] readProjectFiles, Found 68 files to read.
[01:14:09.507] Files read. Count: 68
[01:14:09.507] Calling pai.updateCloudDev...
[01:14:09.507] [PAI SDK] cloudServer.update called, appId: pai-preview-trae-908f3b3b
[01:14:09.597] [PAI SDK] Received event: reload {"url":"aipa://pai-preview-trae-908f3b3b.aipa-cloud.bytedance.net?type=pai","timestamp":1780161251931}
[01:14:09.597] [PAI SDK] CloudServer received reload event: {"url":"aipa://pai-preview-trae-908f3b3b.aipa-cloud.bytedance.net?type=pai","timestamp":1780161251931}
[01:14:09.597] [PAI SDK] reload, url = https://sd62opo6oqou1ckhsuo00.apigateway-cn-beijing.volceapi.com/?faasInstanceName=vefaas-f0vkicge-pyw70jixna-d8dgnho2op1mmqgb1al0-sandbox&hash=pai-preview-trae-908f3b3b
[01:14:09.597] [PAI SDK] cloudServer.update response: {
  "status": "running",
  "reload": false,
  "hash": "pai-preview-trae-908f3b3b"
}
[01:14:09.598] Update success (pai.updateCloudDev returned)
[01:14:09.656] [PAI SDK] Received event: log {"content":"<i> [webpack-dev-middleware] wait until bundle finished: /\n","timestamp":1780161251990}
[01:14:09.668] [PAI SDK] Received event: log {"content":"<i> [webpack-dev-middleware] wait until bundle finished: /\n","timestamp":1780161252002}
[01:14:10.526] [PAI SDK] Received event: log {"content":"✅  编译成功 5/31/2026, 1:14:12 AM\n\n","timestamp":1780161252860}
[01:14:16.513] [Preview Server] Frontend disconnected, clients size = 2
[01:14:16.843] [Preview Server] Frontend connected, clients size = 2
[01:14:16.844] Sending cached status to new connection, lastStatusMessage = {"event":"status_change","message":{"url":"https://sd62opo6oqou1ckhsuo00.apigateway-cn-beijing.volceapi.com/?faasInstanceName=vefaas-f0vkicge-pyw70jixna-d8dgnho2op1mmqgb1al0-sandbox&hash=pai-preview-trae-908f3b3b","schema":"aipa://preview?type=pai&aipa_id=pai-preview-trae-908f3b3b&uuid=4b0fdcc3-6d14-4bba-bec7-c120dc9d95b0","status":"running","framework":"taro"}}
[01:21:30.361] File change detected. Updating...
[01:21:30.367] readProjectFiles, Found 68 files to read.
[01:21:30.400] Files read. Count: 68
[01:21:30.400] Calling pai.updateCloudDev...
[01:21:30.400] [PAI SDK] cloudServer.update called, appId: pai-preview-trae-908f3b3b
[01:21:30.492] [PAI SDK] Received event: reload {"url":"aipa://pai-preview-trae-908f3b3b.aipa-cloud.bytedance.net?type=pai","timestamp":1780161692829}
[01:21:30.492] [PAI SDK] CloudServer received reload event: {"url":"aipa://pai-preview-trae-908f3b3b.aipa-cloud.bytedance.net?type=pai","timestamp":1780161692829}
[01:21:30.492] [PAI SDK] reload, url = https://sd62opo6oqou1ckhsuo00.apigateway-cn-beijing.volceapi.com/?faasInstanceName=vefaas-f0vkicge-pyw70jixna-d8dgnho2op1mmqgb1al0-sandbox&hash=pai-preview-trae-908f3b3b
[01:21:30.492] [PAI SDK] cloudServer.update response: {
  "status": "running",
  "reload": false,
  "hash": "pai-preview-trae-908f3b3b"
}
[01:21:30.492] Update success (pai.updateCloudDev returned)
[01:21:30.554] [PAI SDK] Received event: log {"content":"<i> [webpack-dev-middleware] wait until bundle finished: /\n","timestamp":1780161692891}
[01:21:30.575] [PAI SDK] Received event: log {"content":"<i> [webpack-dev-middleware] wait until bundle finished: /\n","timestamp":1780161692913}
[01:21:32.646] [PAI SDK] Received event: log {"content":"✅  编译成功 5/31/2026, 1:21:34 AM\n\n","timestamp":1780161694983}
[01:23:50.292] File change detected. Updating...
[01:23:50.301] readProjectFiles, Found 69 files to read.
[01:23:50.332] Files read. Count: 69
[01:23:50.332] Calling pai.updateCloudDev...
[01:23:50.332] [PAI SDK] cloudServer.update called, appId: pai-preview-trae-908f3b3b
[01:23:50.419] [PAI SDK] Received event: reload {"url":"aipa://pai-preview-trae-908f3b3b.aipa-cloud.bytedance.net?type=pai","timestamp":1780161832759}
[01:23:50.420] [PAI SDK] CloudServer received reload event: {"url":"aipa://pai-preview-trae-908f3b3b.aipa-cloud.bytedance.net?type=pai","timestamp":1780161832759}
[01:23:50.420] [PAI SDK] reload, url = https://sd62opo6oqou1ckhsuo00.apigateway-cn-beijing.volceapi.com/?faasInstanceName=vefaas-f0vkicge-pyw70jixna-d8dgnho2op1mmqgb1al0-sandbox&hash=pai-preview-trae-908f3b3b
[01:23:50.420] [PAI SDK] cloudServer.update response: {
  "status": "running",
  "reload": false,
  "hash": "pai-preview-trae-908f3b3b"
}
[01:23:50.420] Update success (pai.updateCloudDev returned)
[01:23:50.477] [PAI SDK] Received event: log {"content":"<i> [webpack-dev-middleware] wait until bundle finished: /\n","timestamp":1780161832816}
[01:23:50.495] [PAI SDK] Received event: log {"content":"<i> [webpack-dev-middleware] wait until bundle finished: /\n","timestamp":1780161832835}
[01:23:51.512] [PAI SDK] Received event: log {"content":"✅  编译成功 5/31/2026, 1:23:53 AM\n\n","timestamp":1780161833851}
[01:23:56.068] File change detected. Updating...
[01:23:56.073] readProjectFiles, Found 71 files to read.
[01:23:56.101] Files read. Count: 71
[01:23:56.101] Calling pai.updateCloudDev...
[01:23:56.102] [PAI SDK] cloudServer.update called, appId: pai-preview-trae-908f3b3b
[01:23:56.320] [PAI SDK] Received event: reload {"url":"aipa://pai-preview-trae-908f3b3b.aipa-cloud.bytedance.net?type=pai","timestamp":1780161838659}
[01:23:56.320] [PAI SDK] CloudServer received reload event: {"url":"aipa://pai-preview-trae-908f3b3b.aipa-cloud.bytedance.net?type=pai","timestamp":1780161838659}
[01:23:56.320] [PAI SDK] reload, url = https://sd62opo6oqou1ckhsuo00.apigateway-cn-beijing.volceapi.com/?faasInstanceName=vefaas-f0vkicge-pyw70jixna-d8dgnho2op1mmqgb1al0-sandbox&hash=pai-preview-trae-908f3b3b
[01:23:56.321] [PAI SDK] cloudServer.update response: {
  "status": "running",
  "reload": false,
  "hash": "pai-preview-trae-908f3b3b"
}
[01:23:56.321] Update success (pai.updateCloudDev returned)
[01:23:56.382] [PAI SDK] Received event: log {"content":"<i> [webpack-dev-middleware] wait until bundle finished: /\n","timestamp":1780161838721}
[01:23:56.400] [PAI SDK] Received event: log {"content":"<i> [webpack-dev-middleware] wait until bundle finished: /\n","timestamp":1780161838739}
[01:23:57.355] [PAI SDK] Received event: log {"content":"✅  编译成功 5/31/2026, 1:23:59 AM\n\n","timestamp":1780161839694}
[01:23:59.659] File change detected. Updating...
[01:23:59.664] readProjectFiles, Found 72 files to read.
[01:23:59.700] Files read. Count: 72
[01:23:59.701] Calling pai.updateCloudDev...
[01:23:59.701] [PAI SDK] cloudServer.update called, appId: pai-preview-trae-908f3b3b
[01:23:59.852] [PAI SDK] Received event: reload {"url":"aipa://pai-preview-trae-908f3b3b.aipa-cloud.bytedance.net?type=pai","timestamp":1780161842191}
[01:23:59.852] [PAI SDK] CloudServer received reload event: {"url":"aipa://pai-preview-trae-908f3b3b.aipa-cloud.bytedance.net?type=pai","timestamp":1780161842191}
[01:23:59.852] [PAI SDK] reload, url = https://sd62opo6oqou1ckhsuo00.apigateway-cn-beijing.volceapi.com/?faasInstanceName=vefaas-f0vkicge-pyw70jixna-d8dgnho2op1mmqgb1al0-sandbox&hash=pai-preview-trae-908f3b3b
[01:23:59.852] [PAI SDK] cloudServer.update response: {
  "status": "running",
  "reload": false,
  "hash": "pai-preview-trae-908f3b3b"
}
[01:23:59.852] Update success (pai.updateCloudDev returned)
[01:23:59.909] [PAI SDK] Received event: log {"content":"<i> [webpack-dev-middleware] wait until bundle finished: /\n","timestamp":1780161842248}
[01:23:59.920] [PAI SDK] Received event: log {"content":"<i> [webpack-dev-middleware] wait until bundle finished: /\n","timestamp":1780161842260}
[01:24:00.779] [PAI SDK] Received event: log {"content":"✅  编译成功 5/31/2026, 1:24:03 AM\n\n","timestamp":1780161843119}
[01:24:16.900] File change detected. Updating...
[01:24:16.908] readProjectFiles, Found 74 files to read.
[01:24:16.934] Files read. Count: 74
[01:24:16.935] Calling pai.updateCloudDev...
[01:24:16.935] [PAI SDK] cloudServer.update called, appId: pai-preview-trae-908f3b3b
[01:24:17.090] [PAI SDK] Received event: reload {"url":"aipa://pai-preview-trae-908f3b3b.aipa-cloud.bytedance.net?type=pai","timestamp":1780161859430}
[01:24:17.090] [PAI SDK] CloudServer received reload event: {"url":"aipa://pai-preview-trae-908f3b3b.aipa-cloud.bytedance.net?type=pai","timestamp":1780161859430}
[01:24:17.091] [PAI SDK] reload, url = https://sd62opo6oqou1ckhsuo00.apigateway-cn-beijing.volceapi.com/?faasInstanceName=vefaas-f0vkicge-pyw70jixna-d8dgnho2op1mmqgb1al0-sandbox&hash=pai-preview-trae-908f3b3b
[01:24:17.092] [PAI SDK] cloudServer.update response: {
  "status": "running",
  "reload": false,
  "hash": "pai-preview-trae-908f3b3b"
}
[01:24:17.093] Update success (pai.updateCloudDev returned)
[01:24:17.156] [PAI SDK] Received event: log {"content":"<i> [webpack-dev-middleware] wait until bundle finished: /\n","timestamp":1780161859495}
[01:24:17.160] [PAI SDK] Received event: log {"content":"<i> [webpack-dev-middleware] wait until bundle finished: /\n","timestamp":1780161859499}
[01:24:18.067] [PAI SDK] Received event: log {"content":"✅  编译成功 5/31/2026, 1:24:20 AM\n\n","timestamp":1780161860407}
[01:24:19.425] File change detected. Updating...
[01:24:19.431] readProjectFiles, Found 75 files to read.
[01:24:19.452] Files read. Count: 75
[01:24:19.452] Calling pai.updateCloudDev...
[01:24:19.452] [PAI SDK] cloudServer.update called, appId: pai-preview-trae-908f3b3b
[01:24:19.599] [PAI SDK] Received event: reload {"url":"aipa://pai-preview-trae-908f3b3b.aipa-cloud.bytedance.net?type=pai","timestamp":1780161861938}
[01:24:19.599] [PAI SDK] CloudServer received reload event: {"url":"aipa://pai-preview-trae-908f3b3b.aipa-cloud.bytedance.net?type=pai","timestamp":1780161861938}
[01:24:19.599] [PAI SDK] reload, url = https://sd62opo6oqou1ckhsuo00.apigateway-cn-beijing.volceapi.com/?faasInstanceName=vefaas-f0vkicge-pyw70jixna-d8dgnho2op1mmqgb1al0-sandbox&hash=pai-preview-trae-908f3b3b
[01:24:19.600] [PAI SDK] cloudServer.update response: {
  "status": "running",
  "reload": false,
  "hash": "pai-preview-trae-908f3b3b"
}
[01:24:19.601] Update success (pai.updateCloudDev returned)
[01:24:19.654] [PAI SDK] Received event: log {"content":"<i> [webpack-dev-middleware] wait until bundle finished: /\n","timestamp":1780161861994}
[01:24:19.670] [PAI SDK] Received event: log {"content":"<i> [webpack-dev-middleware] wait until bundle finished: /\n","timestamp":1780161862009}
[01:24:21.187] [PAI SDK] Received event: log {"content":"✅  编译成功 5/31/2026, 1:24:23 AM\n\n","timestamp":1780161863526}
[01:24:27.858] File change detected. Updating...
[01:24:27.870] readProjectFiles, Found 75 files to read.
[01:24:27.903] Files read. Count: 75
[01:24:27.903] Calling pai.updateCloudDev...
[01:24:27.903] [PAI SDK] cloudServer.update called, appId: pai-preview-trae-908f3b3b
[01:24:28.040] [PAI SDK] Received event: reload {"url":"aipa://pai-preview-trae-908f3b3b.aipa-cloud.bytedance.net?type=pai","timestamp":1780161870379}
[01:24:28.040] [PAI SDK] CloudServer received reload event: {"url":"aipa://pai-preview-trae-908f3b3b.aipa-cloud.bytedance.net?type=pai","timestamp":1780161870379}
[01:24:28.040] [PAI SDK] reload, url = https://sd62opo6oqou1ckhsuo00.apigateway-cn-beijing.volceapi.com/?faasInstanceName=vefaas-f0vkicge-pyw70jixna-d8dgnho2op1mmqgb1al0-sandbox&hash=pai-preview-trae-908f3b3b
[01:24:28.040] [PAI SDK] cloudServer.update response: {
  "status": "running",
  "reload": false,
  "hash": "pai-preview-trae-908f3b3b"
}
[01:24:28.041] Update success (pai.updateCloudDev returned)
[01:24:28.099] [PAI SDK] Received event: log {"content":"<i> [webpack-dev-middleware] wait until bundle finished: /\n","timestamp":1780161870438}
[01:24:28.113] [PAI SDK] Received event: log {"content":"<i> [webpack-dev-middleware] wait until bundle finished: /\n","timestamp":1780161870452}
[01:24:29.523] [PAI SDK] Received event: log {"content":"✅  编译成功 5/31/2026, 1:24:31 AM\n\n","timestamp":1780161871861}
[01:24:32.149] File change detected. Updating...
[01:24:32.153] readProjectFiles, Found 75 files to read.
[01:24:32.190] Files read. Count: 75
[01:24:32.190] Calling pai.updateCloudDev...
[01:24:32.190] [PAI SDK] cloudServer.update called, appId: pai-preview-trae-908f3b3b
[01:24:32.358] [PAI SDK] Received event: reload {"url":"aipa://pai-preview-trae-908f3b3b.aipa-cloud.bytedance.net?type=pai","timestamp":1780161874697}
[01:24:32.358] [PAI SDK] CloudServer received reload event: {"url":"aipa://pai-preview-trae-908f3b3b.aipa-cloud.bytedance.net?type=pai","timestamp":1780161874697}
[01:24:32.358] [PAI SDK] reload, url = https://sd62opo6oqou1ckhsuo00.apigateway-cn-beijing.volceapi.com/?faasInstanceName=vefaas-f0vkicge-pyw70jixna-d8dgnho2op1mmqgb1al0-sandbox&hash=pai-preview-trae-908f3b3b
[01:24:32.359] [PAI SDK] cloudServer.update response: {
  "status": "running",
  "reload": false,
  "hash": "pai-preview-trae-908f3b3b"
}
[01:24:32.359] Update success (pai.updateCloudDev returned)
[01:24:32.416] [PAI SDK] Received event: log {"content":"<i> [webpack-dev-middleware] wait until bundle finished: /\n","timestamp":1780161874755}
[01:24:32.434] [PAI SDK] Received event: log {"content":"<i> [webpack-dev-middleware] wait until bundle finished: /\n","timestamp":1780161874773}
[01:24:33.892] [PAI SDK] Received event: log {"content":"✅  编译成功 5/31/2026, 1:24:36 AM\n\n","timestamp":1780161876230}
[01:24:37.579] File change detected. Updating...
[01:24:37.583] readProjectFiles, Found 75 files to read.
[01:24:37.617] Files read. Count: 75
[01:24:37.617] Calling pai.updateCloudDev...
[01:24:37.618] [PAI SDK] cloudServer.update called, appId: pai-preview-trae-908f3b3b
[01:24:37.782] [PAI SDK] Received event: reload {"url":"aipa://pai-preview-trae-908f3b3b.aipa-cloud.bytedance.net?type=pai","timestamp":1780161880121}
[01:24:37.782] [PAI SDK] CloudServer received reload event: {"url":"aipa://pai-preview-trae-908f3b3b.aipa-cloud.bytedance.net?type=pai","timestamp":1780161880121}
[01:24:37.782] [PAI SDK] reload, url = https://sd62opo6oqou1ckhsuo00.apigateway-cn-beijing.volceapi.com/?faasInstanceName=vefaas-f0vkicge-pyw70jixna-d8dgnho2op1mmqgb1al0-sandbox&hash=pai-preview-trae-908f3b3b
[01:24:37.783] [PAI SDK] cloudServer.update response: {
  "status": "running",
  "reload": false,
  "hash": "pai-preview-trae-908f3b3b"
}
[01:24:37.783] Update success (pai.updateCloudDev returned)
[01:24:37.864] [PAI SDK] Received event: log {"content":"<i> [webpack-dev-middleware] wait until bundle finished: /\n","timestamp":1780161880203}
[01:24:39.157] [PAI SDK] Received event: log {"content":"✅  编译成功 5/31/2026, 1:24:41 AM\n\n","timestamp":1780161881496}
[01:24:39.889] File change detected. Updating...
[01:24:39.894] readProjectFiles, Found 75 files to read.
[01:24:39.925] Files read. Count: 75
[01:24:39.925] Calling pai.updateCloudDev...
[01:24:39.926] [PAI SDK] cloudServer.update called, appId: pai-preview-trae-908f3b3b
[01:24:40.071] [PAI SDK] Received event: reload {"url":"aipa://pai-preview-trae-908f3b3b.aipa-cloud.bytedance.net?type=pai","timestamp":1780161882411}
[01:24:40.072] [PAI SDK] CloudServer received reload event: {"url":"aipa://pai-preview-trae-908f3b3b.aipa-cloud.bytedance.net?type=pai","timestamp":1780161882411}
[01:24:40.072] [PAI SDK] reload, url = https://sd62opo6oqou1ckhsuo00.apigateway-cn-beijing.volceapi.com/?faasInstanceName=vefaas-f0vkicge-pyw70jixna-d8dgnho2op1mmqgb1al0-sandbox&hash=pai-preview-trae-908f3b3b
[01:24:40.072] [PAI SDK] cloudServer.update response: {
  "status": "running",
  "reload": false,
  "hash": "pai-preview-trae-908f3b3b"
}
[01:24:40.072] Update success (pai.updateCloudDev returned)
[01:24:40.133] [PAI SDK] Received event: log {"content":"<i> [webpack-dev-middleware] wait until bundle finished: /\n","timestamp":1780161882472}
[01:24:40.149] [PAI SDK] Received event: log {"content":"<i> [webpack-dev-middleware] wait until bundle finished: /\n","timestamp":1780161882488}
[01:24:41.187] [PAI SDK] Received event: log {"content":"✅  编译成功 5/31/2026, 1:24:43 AM\n\n","timestamp":1780161883526}
[01:28:28.978] File change detected. Updating...
[01:28:28.982] readProjectFiles, Found 78 files to read.
[01:28:29.031] Files read. Count: 78
[01:28:29.031] Calling pai.updateCloudDev...
[01:28:29.031] [PAI SDK] cloudServer.update called, appId: pai-preview-trae-908f3b3b
[01:28:29.262] [PAI SDK] Received event: reload {"url":"aipa://pai-preview-trae-908f3b3b.aipa-cloud.bytedance.net?type=pai","timestamp":1780162111603}
[01:28:29.262] [PAI SDK] CloudServer received reload event: {"url":"aipa://pai-preview-trae-908f3b3b.aipa-cloud.bytedance.net?type=pai","timestamp":1780162111603}
[01:28:29.262] [PAI SDK] reload, url = https://sd62opo6oqou1ckhsuo00.apigateway-cn-beijing.volceapi.com/?faasInstanceName=vefaas-f0vkicge-pyw70jixna-d8dgnho2op1mmqgb1al0-sandbox&hash=pai-preview-trae-908f3b3b
[01:28:29.263] [PAI SDK] cloudServer.update response: {
  "status": "running",
  "reload": false,
  "hash": "pai-preview-trae-908f3b3b"
}
[01:28:29.263] Update success (pai.updateCloudDev returned)
[01:28:29.321] [PAI SDK] Received event: log {"content":"<i> [webpack-dev-middleware] wait until bundle finished: /\n","timestamp":1780162111662}
[01:28:29.342] [PAI SDK] Received event: log {"content":"<i> [webpack-dev-middleware] wait until bundle finished: /\n","timestamp":1780162111684}
[01:28:30.477] [PAI SDK] Received event: log {"content":"✅  编译成功 5/31/2026, 1:28:32 AM\n\n","timestamp":1780162112818}
[01:28:36.842] File change detected. Updating...
[01:28:36.852] readProjectFiles, Found 78 files to read.
[01:28:36.870] Files read. Count: 78
[01:28:36.870] Calling pai.updateCloudDev...
[01:28:36.871] [PAI SDK] cloudServer.update called, appId: pai-preview-trae-908f3b3b
[01:28:37.022] [PAI SDK] Received event: reload {"url":"aipa://pai-preview-trae-908f3b3b.aipa-cloud.bytedance.net?type=pai","timestamp":1780162119364}
[01:28:37.023] [PAI SDK] CloudServer received reload event: {"url":"aipa://pai-preview-trae-908f3b3b.aipa-cloud.bytedance.net?type=pai","timestamp":1780162119364}
[01:28:37.023] [PAI SDK] reload, url = https://sd62opo6oqou1ckhsuo00.apigateway-cn-beijing.volceapi.com/?faasInstanceName=vefaas-f0vkicge-pyw70jixna-d8dgnho2op1mmqgb1al0-sandbox&hash=pai-preview-trae-908f3b3b
[01:28:37.023] [PAI SDK] cloudServer.update response: {
  "status": "running",
  "reload": false,
  "hash": "pai-preview-trae-908f3b3b"
}
[01:28:37.023] Update success (pai.updateCloudDev returned)
[01:28:37.081] [PAI SDK] Received event: log {"content":"<i> [webpack-dev-middleware] wait until bundle finished: /\n","timestamp":1780162119424}
[01:28:37.092] [PAI SDK] Received event: log {"content":"<i> [webpack-dev-middleware] wait until bundle finished: /\n","timestamp":1780162119434}
[01:28:38.635] [PAI SDK] Received event: log {"content":"✅  编译成功 5/31/2026, 1:28:40 AM\n\n","timestamp":1780162120977}
[01:29:09.446] File change detected. Updating...
[01:29:09.450] readProjectFiles, Found 78 files to read.
[01:29:09.472] Files read. Count: 78
[01:29:09.472] Calling pai.updateCloudDev...
[01:29:09.472] [PAI SDK] cloudServer.update called, appId: pai-preview-trae-908f3b3b
[01:29:09.711] [PAI SDK] Received event: reload {"url":"aipa://pai-preview-trae-908f3b3b.aipa-cloud.bytedance.net?type=pai","timestamp":1780162152048}
[01:29:09.711] [PAI SDK] CloudServer received reload event: {"url":"aipa://pai-preview-trae-908f3b3b.aipa-cloud.bytedance.net?type=pai","timestamp":1780162152048}
[01:29:09.711] [PAI SDK] reload, url = https://sd62opo6oqou1ckhsuo00.apigateway-cn-beijing.volceapi.com/?faasInstanceName=vefaas-f0vkicge-pyw70jixna-d8dgnho2op1mmqgb1al0-sandbox&hash=pai-preview-trae-908f3b3b
[01:29:09.711] [PAI SDK] cloudServer.update response: {
  "status": "running",
  "reload": false,
  "hash": "pai-preview-trae-908f3b3b"
}
[01:29:09.711] Update success (pai.updateCloudDev returned)
[01:29:09.770] [PAI SDK] Received event: log {"content":"<i> [webpack-dev-middleware] wait until bundle finished: /\n","timestamp":1780162152112}
[01:29:10.799] [PAI SDK] Received event: log {"content":"✅  编译成功 5/31/2026, 1:29:13 AM\n\n","timestamp":1780162153141}
[01:29:14.804] File change detected. Updating...
[01:29:14.809] readProjectFiles, Found 78 files to read.
[01:29:14.827] Files read. Count: 78
[01:29:14.828] Calling pai.updateCloudDev...
[01:29:14.828] [PAI SDK] cloudServer.update called, appId: pai-preview-trae-908f3b3b
[01:29:15.019] [PAI SDK] Received event: reload {"url":"aipa://pai-preview-trae-908f3b3b.aipa-cloud.bytedance.net?type=pai","timestamp":1780162157361}
[01:29:15.019] [PAI SDK] CloudServer received reload event: {"url":"aipa://pai-preview-trae-908f3b3b.aipa-cloud.bytedance.net?type=pai","timestamp":1780162157361}
[01:29:15.019] [PAI SDK] reload, url = https://sd62opo6oqou1ckhsuo00.apigateway-cn-beijing.volceapi.com/?faasInstanceName=vefaas-f0vkicge-pyw70jixna-d8dgnho2op1mmqgb1al0-sandbox&hash=pai-preview-trae-908f3b3b
[01:29:15.019] [PAI SDK] cloudServer.update response: {
  "status": "running",
  "reload": false,
  "hash": "pai-preview-trae-908f3b3b"
}
[01:29:15.020] Update success (pai.updateCloudDev returned)
[01:29:15.082] [PAI SDK] Received event: log {"content":"<i> [webpack-dev-middleware] wait until bundle finished: /\n","timestamp":1780162157424}
[01:29:15.094] [PAI SDK] Received event: log {"content":"<i> [webpack-dev-middleware] wait until bundle finished: /\n","timestamp":1780162157437}
[01:29:16.170] [PAI SDK] Received event: log {"content":"✅  编译成功 5/31/2026, 1:29:18 AM\n\n","timestamp":1780162158512}
[01:30:31.669] File change detected. Updating...
[01:30:31.672] readProjectFiles, Found 78 files to read.
[01:30:31.690] Files read. Count: 78
[01:30:31.690] Calling pai.updateCloudDev...
[01:30:31.690] [PAI SDK] cloudServer.update called, appId: pai-preview-trae-908f3b3b
[01:30:31.892] [PAI SDK] Received event: reload {"url":"aipa://pai-preview-trae-908f3b3b.aipa-cloud.bytedance.net?type=pai","timestamp":1780162234235}
[01:30:31.892] [PAI SDK] CloudServer received reload event: {"url":"aipa://pai-preview-trae-908f3b3b.aipa-cloud.bytedance.net?type=pai","timestamp":1780162234235}
[01:30:31.893] [PAI SDK] reload, url = https://sd62opo6oqou1ckhsuo00.apigateway-cn-beijing.volceapi.com/?faasInstanceName=vefaas-f0vkicge-pyw70jixna-d8dgnho2op1mmqgb1al0-sandbox&hash=pai-preview-trae-908f3b3b
[01:30:31.893] [PAI SDK] cloudServer.update response: {
  "status": "running",
  "reload": false,
  "hash": "pai-preview-trae-908f3b3b"
}
[01:30:31.893] Update success (pai.updateCloudDev returned)
[01:30:31.952] [PAI SDK] Received event: log {"content":"<i> [webpack-dev-middleware] wait until bundle finished: /\n","timestamp":1780162234295}
[01:30:31.971] [PAI SDK] Received event: log {"content":"<i> [webpack-dev-middleware] wait until bundle finished: /\n","timestamp":1780162234312}
[01:30:34.179] [PAI SDK] Received event: log {"content":"✅  编译成功 5/31/2026, 1:30:36 AM\n\n","timestamp":1780162236522}
[01:32:30.918] File change detected. Updating...
[01:32:30.924] readProjectFiles, Found 78 files to read.
[01:32:30.951] Files read. Count: 78
[01:32:30.951] Calling pai.updateCloudDev...
[01:32:30.951] [PAI SDK] cloudServer.update called, appId: pai-preview-trae-908f3b3b
[01:32:31.152] [PAI SDK] Received event: reload {"url":"aipa://pai-preview-trae-908f3b3b.aipa-cloud.bytedance.net?type=pai","timestamp":1780162353497}
[01:32:31.153] [PAI SDK] CloudServer received reload event: {"url":"aipa://pai-preview-trae-908f3b3b.aipa-cloud.bytedance.net?type=pai","timestamp":1780162353497}
[01:32:31.153] [PAI SDK] reload, url = https://sd62opo6oqou1ckhsuo00.apigateway-cn-beijing.volceapi.com/?faasInstanceName=vefaas-f0vkicge-pyw70jixna-d8dgnho2op1mmqgb1al0-sandbox&hash=pai-preview-trae-908f3b3b
[01:32:31.153] [PAI SDK] cloudServer.update response: {
  "status": "running",
  "reload": false,
  "hash": "pai-preview-trae-908f3b3b"
}
[01:32:31.153] Update success (pai.updateCloudDev returned)
[01:32:31.212] [PAI SDK] Received event: log {"content":"<i> [webpack-dev-middleware] wait until bundle finished: /\n","timestamp":1780162353556}
[01:32:31.224] [PAI SDK] Received event: log {"content":"<i> [webpack-dev-middleware] wait until bundle finished: /\n","timestamp":1780162353568}
[01:32:32.246] [PAI SDK] Received event: log {"content":"✅  编译成功 5/31/2026, 1:32:34 AM\n\n","timestamp":1780162354590}
[01:38:25.656] File change detected. Updating...
[01:38:25.660] readProjectFiles, Found 79 files to read.
[01:38:25.685] Files read. Count: 79
[01:38:25.685] Calling pai.updateCloudDev...
[01:38:25.685] [PAI SDK] cloudServer.update called, appId: pai-preview-trae-908f3b3b
[01:38:26.130] [PAI SDK] Received event: reload {"url":"aipa://pai-preview-trae-908f3b3b.aipa-cloud.bytedance.net?type=pai","timestamp":1780162708477}
[01:38:26.130] [PAI SDK] CloudServer received reload event: {"url":"aipa://pai-preview-trae-908f3b3b.aipa-cloud.bytedance.net?type=pai","timestamp":1780162708477}
[01:38:26.130] [PAI SDK] reload, url = https://sd62opo6oqou1ckhsuo00.apigateway-cn-beijing.volceapi.com/?faasInstanceName=vefaas-f0vkicge-pyw70jixna-d8dgnho2op1mmqgb1al0-sandbox&hash=pai-preview-trae-908f3b3b
[01:38:26.130] [PAI SDK] cloudServer.update response: {
  "status": "running",
  "reload": false,
  "hash": "pai-preview-trae-908f3b3b"
}
[01:38:26.130] Update success (pai.updateCloudDev returned)
[01:38:26.192] [PAI SDK] Received event: log {"content":"<i> [webpack-dev-middleware] wait until bundle finished: /\n","timestamp":1780162708539}
[01:38:26.211] [PAI SDK] Received event: log {"content":"<i> [webpack-dev-middleware] wait until bundle finished: /\n","timestamp":1780162708559}
[01:38:27.331] [PAI SDK] Received event: log {"content":"✅  编译成功 5/31/2026, 1:38:29 AM\n\n","timestamp":1780162709678}
[01:38:55.852] File change detected. Updating...
[01:38:55.859] readProjectFiles, Found 79 files to read.
[01:38:55.890] Files read. Count: 79
[01:38:55.891] Calling pai.updateCloudDev...
[01:38:55.891] [PAI SDK] cloudServer.update called, appId: pai-preview-trae-908f3b3b
[01:38:56.166] [PAI SDK] Received event: reload {"url":"aipa://pai-preview-trae-908f3b3b.aipa-cloud.bytedance.net?type=pai","timestamp":1780162738514}
[01:38:56.166] [PAI SDK] CloudServer received reload event: {"url":"aipa://pai-preview-trae-908f3b3b.aipa-cloud.bytedance.net?type=pai","timestamp":1780162738514}
[01:38:56.166] [PAI SDK] reload, url = https://sd62opo6oqou1ckhsuo00.apigateway-cn-beijing.volceapi.com/?faasInstanceName=vefaas-f0vkicge-pyw70jixna-d8dgnho2op1mmqgb1al0-sandbox&hash=pai-preview-trae-908f3b3b
[01:38:56.166] [PAI SDK] cloudServer.update response: {
  "status": "running",
  "reload": false,
  "hash": "pai-preview-trae-908f3b3b"
}
[01:38:56.166] Update success (pai.updateCloudDev returned)
[01:38:56.224] [PAI SDK] Received event: log {"content":"<i> [webpack-dev-middleware] wait until bundle finished: /\n","timestamp":1780162738572}
[01:38:58.393] [PAI SDK] Received event: log {"content":"✅  编译成功 5/31/2026, 1:39:00 AM\n\n","timestamp":1780162740737}
[01:39:45.636] [Preview Server] Frontend disconnected, clients size = 2
[01:39:46.315] [Preview Server] Frontend connected, clients size = 2
[01:39:46.316] Sending cached status to new connection, lastStatusMessage = {"event":"status_change","message":{"url":"https://sd62opo6oqou1ckhsuo00.apigateway-cn-beijing.volceapi.com/?faasInstanceName=vefaas-f0vkicge-pyw70jixna-d8dgnho2op1mmqgb1al0-sandbox&hash=pai-preview-trae-908f3b3b","schema":"aipa://preview?type=pai&aipa_id=pai-preview-trae-908f3b3b&uuid=4b0fdcc3-6d14-4bba-bec7-c120dc9d95b0","status":"running","framework":"taro"}}
[01:40:24.918] Received update request via HTTP
[01:40:26.924] File change detected. Updating...
[01:40:26.930] readProjectFiles, Found 80 files to read.
[01:40:26.947] Files read. Count: 80
[01:40:26.947] Calling pai.updateCloudDev...
[01:40:26.948] [PAI SDK] cloudServer.update called, appId: pai-preview-trae-908f3b3b
[01:40:28.123] [PAI SDK] Received event: reload {"url":"aipa://pai-preview-trae-908f3b3b.aipa-cloud.bytedance.net?type=pai","timestamp":1780162830472}
[01:40:28.123] [PAI SDK] CloudServer received reload event: {"url":"aipa://pai-preview-trae-908f3b3b.aipa-cloud.bytedance.net?type=pai","timestamp":1780162830472}
[01:40:28.123] [PAI SDK] reload, url = https://sd62opo6oqou1ckhsuo00.apigateway-cn-beijing.volceapi.com/?faasInstanceName=vefaas-f0vkicge-pyw70jixna-d8dgnho2op1mmqgb1al0-sandbox&hash=pai-preview-trae-908f3b3b
[01:40:28.124] [PAI SDK] cloudServer.update response: {
  "status": "running",
  "reload": false,
  "hash": "pai-preview-trae-908f3b3b"
}
[01:40:28.124] Update success (pai.updateCloudDev returned)
[01:40:28.187] [PAI SDK] Received event: log {"content":"<i> [webpack-dev-middleware] wait until bundle finished: /\n","timestamp":1780162830537}
[01:40:28.199] [PAI SDK] Received event: log {"content":"<i> [webpack-dev-middleware] wait until bundle finished: /\n","timestamp":1780162830549}
[01:40:29.200] [PAI SDK] Received event: log {"content":"✅  编译成功 5/31/2026, 1:40:31 AM\n\n","timestamp":1780162831550}
[01:40:30.734] [Preview Server] Frontend disconnected, clients size = 2
[01:40:31.099] [Preview Server] Frontend connected, clients size = 2
[01:40:31.099] Sending cached status to new connection, lastStatusMessage = {"event":"status_change","message":{"url":"https://sd62opo6oqou1ckhsuo00.apigateway-cn-beijing.volceapi.com/?faasInstanceName=vefaas-f0vkicge-pyw70jixna-d8dgnho2op1mmqgb1al0-sandbox&hash=pai-preview-trae-908f3b3b","schema":"aipa://preview?type=pai&aipa_id=pai-preview-trae-908f3b3b&uuid=4b0fdcc3-6d14-4bba-bec7-c120dc9d95b0","status":"running","framework":"taro"}}
[01:41:15.528] File change detected. Updating...
[01:41:15.532] readProjectFiles, Found 80 files to read.
[01:41:15.555] Files read. Count: 80
[01:41:15.555] Calling pai.updateCloudDev...
[01:41:15.555] [PAI SDK] cloudServer.update called, appId: pai-preview-trae-908f3b3b
[01:41:16.180] [PAI SDK] Received event: reload {"url":"aipa://pai-preview-trae-908f3b3b.aipa-cloud.bytedance.net?type=pai","timestamp":1780162878530}
[01:41:16.180] [PAI SDK] CloudServer received reload event: {"url":"aipa://pai-preview-trae-908f3b3b.aipa-cloud.bytedance.net?type=pai","timestamp":1780162878530}
[01:41:16.181] [PAI SDK] reload, url = https://sd62opo6oqou1ckhsuo00.apigateway-cn-beijing.volceapi.com/?faasInstanceName=vefaas-f0vkicge-pyw70jixna-d8dgnho2op1mmqgb1al0-sandbox&hash=pai-preview-trae-908f3b3b
[01:41:16.181] [PAI SDK] cloudServer.update response: {
  "status": "running",
  "reload": false,
  "hash": "pai-preview-trae-908f3b3b"
}
[01:41:16.181] Update success (pai.updateCloudDev returned)
[01:41:16.243] [PAI SDK] Received event: log {"content":"<i> [webpack-dev-middleware] wait until bundle finished: /\n","timestamp":1780162878593}
[01:41:16.258] [PAI SDK] Received event: log {"content":"<i> [webpack-dev-middleware] wait until bundle finished: /\n","timestamp":1780162878608}
[01:41:18.277] [PAI SDK] Received event: log {"content":"✅  编译成功 5/31/2026, 1:41:20 AM\n\n","timestamp":1780162880627}
[01:41:20.816] File change detected. Updating...
[01:41:20.823] readProjectFiles, Found 80 files to read.
[01:41:20.866] Files read. Count: 80
[01:41:20.867] Calling pai.updateCloudDev...
[01:41:20.867] [PAI SDK] cloudServer.update called, appId: pai-preview-trae-908f3b3b
[01:41:21.965] [PAI SDK] Received event: reload {"url":"aipa://pai-preview-trae-908f3b3b.aipa-cloud.bytedance.net?type=pai","timestamp":1780162884315}
[01:41:21.965] [PAI SDK] CloudServer received reload event: {"url":"aipa://pai-preview-trae-908f3b3b.aipa-cloud.bytedance.net?type=pai","timestamp":1780162884315}
[01:41:21.965] [PAI SDK] reload, url = https://sd62opo6oqou1ckhsuo00.apigateway-cn-beijing.volceapi.com/?faasInstanceName=vefaas-f0vkicge-pyw70jixna-d8dgnho2op1mmqgb1al0-sandbox&hash=pai-preview-trae-908f3b3b
[01:41:21.966] [PAI SDK] cloudServer.update response: {
  "status": "running",
  "reload": false,
  "hash": "pai-preview-trae-908f3b3b"
}
[01:41:21.966] Update success (pai.updateCloudDev returned)
[01:41:22.023] [PAI SDK] Received event: log {"content":"<i> [webpack-dev-middleware] wait until bundle finished: /\n","timestamp":1780162884373}
[01:41:22.043] [PAI SDK] Received event: log {"content":"<i> [webpack-dev-middleware] wait until bundle finished: /\n","timestamp":1780162884393}
[01:41:24.492] [PAI SDK] Received event: log {"content":"✅  编译成功 5/31/2026, 1:41:26 AM\n\n","timestamp":1780162886841}
[01:45:34.529] File change detected. Updating...
[01:45:34.539] readProjectFiles, Found 80 files to read.
[01:45:34.606] Files read. Count: 80
[01:45:34.606] Calling pai.updateCloudDev...
[01:45:34.607] [PAI SDK] cloudServer.update called, appId: pai-preview-trae-908f3b3b
[01:45:35.304] [PAI SDK] Received event: reload {"url":"aipa://pai-preview-trae-908f3b3b.aipa-cloud.bytedance.net?type=pai","timestamp":1780163137657}
[01:45:35.305] [PAI SDK] CloudServer received reload event: {"url":"aipa://pai-preview-trae-908f3b3b.aipa-cloud.bytedance.net?type=pai","timestamp":1780163137657}
[01:45:35.305] [PAI SDK] reload, url = https://sd62opo6oqou1ckhsuo00.apigateway-cn-beijing.volceapi.com/?faasInstanceName=vefaas-f0vkicge-pyw70jixna-d8dgnho2op1mmqgb1al0-sandbox&hash=pai-preview-trae-908f3b3b
[01:45:35.305] [PAI SDK] cloudServer.update response: {
  "status": "running",
  "reload": false,
  "hash": "pai-preview-trae-908f3b3b"
}
[01:45:35.305] Update success (pai.updateCloudDev returned)
[01:45:35.372] [PAI SDK] Received event: log {"content":"<i> [webpack-dev-middleware] wait until bundle finished: /\n","timestamp":1780163137724}
[01:45:35.388] [PAI SDK] Received event: log {"content":"<i> [webpack-dev-middleware] wait until bundle finished: /\n","timestamp":1780163137740}
[01:45:37.769] [PAI SDK] Received event: log {"content":"✅  编译成功 5/31/2026, 1:45:40 AM\n\n","timestamp":1780163140121}
[01:45:40.965] File change detected. Updating...
[01:45:40.971] readProjectFiles, Found 80 files to read.
[01:45:40.992] Files read. Count: 80
[01:45:40.992] Calling pai.updateCloudDev...
[01:45:40.993] [PAI SDK] cloudServer.update called, appId: pai-preview-trae-908f3b3b
[01:45:42.017] [PAI SDK] Received event: reload {"url":"aipa://pai-preview-trae-908f3b3b.aipa-cloud.bytedance.net?type=pai","timestamp":1780163144369}
[01:45:42.017] [PAI SDK] CloudServer received reload event: {"url":"aipa://pai-preview-trae-908f3b3b.aipa-cloud.bytedance.net?type=pai","timestamp":1780163144369}
[01:45:42.017] [PAI SDK] reload, url = https://sd62opo6oqou1ckhsuo00.apigateway-cn-beijing.volceapi.com/?faasInstanceName=vefaas-f0vkicge-pyw70jixna-d8dgnho2op1mmqgb1al0-sandbox&hash=pai-preview-trae-908f3b3b
[01:45:42.017] [PAI SDK] cloudServer.update response: {
  "status": "running",
  "reload": false,
  "hash": "pai-preview-trae-908f3b3b"
}
[01:45:42.018] Update success (pai.updateCloudDev returned)
[01:45:42.075] [PAI SDK] Received event: log {"content":"<i> [webpack-dev-middleware] wait until bundle finished: /\n","timestamp":1780163144427}
[01:45:42.123] [PAI SDK] Received event: log {"content":"<i> [webpack-dev-middleware] wait until bundle finished: /\n","timestamp":1780163144473}
[01:45:43.366] [PAI SDK] Received event: log {"content":"⚠️  编译警告. 5/31/2026, 1:45:45 AM\n\n","timestamp":1780163145718}
[01:45:43.399] [PAI SDK] Received event: compile_error [{"filename":"","lineNumber":0,"description":"assets by status 27.7 MiB [cached] 9 assets\nassets by status 10.2 MiB [emitted]\n  assets by path js/*.js 10.2 MiB\n    asset js/app.b60c64b2.js 5.32 MiB [emitted] [immutable] (name: app)\n    asset js/src_pages_webview_index_tsx.288bfbe4.js 3.51 MiB [emitted] [immutable]\n    asset js/taro.b60c64b2.js 1.32 MiB [emitted] [immutable] (name: taro) (id hint: taro)\n    asset js/runtime.b60c64b2.js 49.5 KiB [emitted] [immutable] (name: runtime)\n  assets by info 22.4 KiB [hmr]\n    asset src_pages_webview_index_tsx.20be74464a0f1ae98b59.hot-update.js 20.6 KiB [emitted] [immutable] [hmr]\n    asset runtime.20be74464a0f1ae98b59.hot-update.js 1.74 KiB [emitted] [immutable] [hmr] (name: runtime)\n    asset runtime.20be74464a0f1ae98b59.hot-update.json 61 bytes [emitted] [immutable] [hmr]\n  asset index.html 21.4 KiB [emitted]\nEntrypoint app 6.69 MiB = js/runtime.b60c64b2.js 49.5 KiB runtime.20be74464a0f1ae98b59.hot-update.js 1.74 KiB js/taro.b60c64b2.js 1.32 MiB js/app.b60c64b2.js 5.32 MiB\ncached modules 5.51 MiB [cached] 789 modules\nruntime modules 32.9 KiB 18 modules\njavascript modules 6.37 KiB\n  ./src/utils/particleCloudDev.ts 5.16 KiB [built] [code generated]\n  ./src/components/ParticleCloudWebView/devInlineTemplate.ts 1.21 KiB [optional] [built] [code generated]\n\nWARNING in ./src/utils/particleCloudDev.ts 16:14-87\nModule not found: Error: Can't resolve '../components/ParticleCloudWebView/devInlineTemplate.generated' in '/src/utils'\n   @ ./src/pages/webview/index.tsx\n   @ ./src/app.config.ts\n\n1 warning has detailed information that is not shown.\nUse 'stats.errorDetails: true' resp. '--stats-error-details' to show it.\n\nwebpack 5.78.0 compiled with 1 warning in 430 ms\n","timestamp":1780163145749}]
[01:45:43.467] [PAI SDK] Received event: log {"content":"resolve '../components/ParticleCloudWebView/devInlineTemplate.generated' in '/tmp/aipa-cloud-build/MOspgHrlAJd17uI7hsq_a/src/utils'\n  using description file: /tmp/aipa-cloud-build/MOspgHrlAJd17uI7hsq_a/package.json (relative path: ./src/utils)\n    Field 'browser' doesn't contain a valid alias configuration\n    using description file: /tmp/aipa-cloud-build/MOspgHrlAJd17uI7hsq_a/package.json (relative path: ./src/components/ParticleCloudWebView/devInlineTemplate.generated)\n      no extension\n        Field 'browser' doesn't contain a valid alias configuration\n        /tmp/aipa-cloud-build/MOspgHrlAJd17uI7hsq_a/src/components/ParticleCloudWebView/devInlineTemplate.generated doesn't exist\n      .js\n        Field 'browser' doesn't contain a valid alias configuration\n        /tmp/aipa-cloud-build/MOspgHrlAJd17uI7hsq_a/src/components/ParticleCloudWebView/devInlineTemplate.generated.js doesn't exist\n      .jsx\n        Field 'browser' doesn't contain a valid alias configuration\n        /tmp/aipa-cloud-build/MOspgHrlAJd17uI7hsq_a/src/components/ParticleCloudWebView/devInlineTemplate.generated.jsx doesn't exist\n      .ts\n        Field 'browser' doesn't contain a valid alias configuration\n        /tmp/aipa-cloud-build/MOspgHrlAJd17uI7hsq_a/src/components/ParticleCloudWebView/devInlineTemplate.generated.ts doesn't exist\n      .tsx\n        Field 'browser' doesn't contain a valid alias configuration\n        /tmp/aipa-cloud-build/MOspgHrlAJd17uI7hsq_a/src/components/ParticleCloudWebView/devInlineTemplate.generated.tsx doesn't exist\n      .mjs\n        Field 'browser' doesn't contain a valid alias configuration\n        /tmp/aipa-cloud-build/MOspgHrlAJd17uI7hsq_a/src/components/ParticleCloudWebView/devInlineTemplate.generated.mjs doesn't exist\n      .vue\n        Field 'browser' doesn't contain a valid alias configuration\n        /tmp/aipa-cloud-build/MOspgHrlAJd17uI7hsq_a/src/components/ParticleCloudWebView/devInlineTemplate.generated.vue doesn't exist\n      as directory\n        /tmp/aipa-cloud-build/MOspgHrlAJd17uI7hsq_a/src/components/ParticleCloudWebView/devInlineTemplate.generated doesn't exist\n\n","timestamp":1780163145819}
[01:45:49.620] File change detected. Updating...
[01:45:49.625] readProjectFiles, Found 81 files to read.
[01:45:49.657] Files read. Count: 81
[01:45:49.657] Calling pai.updateCloudDev...
[01:45:49.657] [PAI SDK] cloudServer.update called, appId: pai-preview-trae-908f3b3b
[01:45:50.304] [PAI SDK] Received event: reload {"url":"aipa://pai-preview-trae-908f3b3b.aipa-cloud.bytedance.net?type=pai","timestamp":1780163152656}
[01:45:50.304] [PAI SDK] CloudServer received reload event: {"url":"aipa://pai-preview-trae-908f3b3b.aipa-cloud.bytedance.net?type=pai","timestamp":1780163152656}
[01:45:50.304] [PAI SDK] reload, url = https://sd62opo6oqou1ckhsuo00.apigateway-cn-beijing.volceapi.com/?faasInstanceName=vefaas-f0vkicge-pyw70jixna-d8dgnho2op1mmqgb1al0-sandbox&hash=pai-preview-trae-908f3b3b
[01:45:50.305] [PAI SDK] cloudServer.update response: {
  "status": "running",
  "reload": false,
  "hash": "pai-preview-trae-908f3b3b"
}
[01:45:50.305] Update success (pai.updateCloudDev returned)
[01:45:50.366] [PAI SDK] Received event: log {"content":"<i> [webpack-dev-middleware] wait until bundle finished: /\n","timestamp":1780163152719}
[01:45:50.388] [PAI SDK] Received event: log {"content":"<i> [webpack-dev-middleware] wait until bundle finished: /\n","timestamp":1780163152740}
[01:45:51.615] [PAI SDK] Received event: log {"content":"⚠️  编译警告. 5/31/2026, 1:45:53 AM\n\n","timestamp":1780163153968}
[01:45:51.633] [PAI SDK] Received event: compile_error [{"filename":"","lineNumber":0,"description":"assets by status 27.7 MiB [cached] 9 assets\nassets by status 10.2 MiB [emitted]\n  assets by path js/*.js 10.2 MiB\n    asset js/app.3d20135f.js 5.32 MiB [emitted] [immutable] (name: app)\n    asset js/src_pages_webview_index_tsx.a082e21f.js 3.51 MiB [emitted] [immutable]\n    asset js/taro.3d20135f.js 1.32 MiB [emitted] [immutable] (name: taro) (id hint: taro)\n    asset js/runtime.3d20135f.js 49.5 KiB [emitted] [immutable] (name: runtime)\n  assets by info 17.8 KiB [hmr]\n    asset src_pages_webview_index_tsx.b60c64b29e04e409f88a.hot-update.js 16 KiB [emitted] [immutable] [hmr]\n    asset runtime.b60c64b29e04e409f88a.hot-update.js 1.74 KiB [emitted] [immutable] [hmr] (name: runtime)\n    asset runtime.b60c64b29e04e409f88a.hot-update.json 61 bytes [emitted] [immutable] [hmr]\n  asset index.html 21.4 KiB [emitted]\nEntrypoint app 6.69 MiB = js/runtime.3d20135f.js 49.5 KiB runtime.b60c64b29e04e409f88a.hot-update.js 1.74 KiB js/taro.3d20135f.js 1.32 MiB js/app.3d20135f.js 5.32 MiB\ncached modules 5.51 MiB [cached] 790 modules\nruntime modules 32.9 KiB 18 modules\n./src/utils/particleCloudDev.ts 5.02 KiB [built] [code generated]\n\nWARNING in ./src/utils/particleCloudDev.ts 18:10-83\nModule not found: Error: Can't resolve '../components/ParticleCloudWebView/devInlineTemplate.generated' in '/src/utils'\n   @ ./src/pages/webview/index.tsx\n   @ ./src/app.config.ts\n\n1 warning has detailed information that is not shown.\nUse 'stats.errorDetails: true' resp. '--stats-error-details' to show it.\n\nwebpack 5.78.0 compiled with 1 warning in 327 ms\n","timestamp":1780163153984}]
[01:45:51.717] [PAI SDK] Received event: log {"content":"resolve '../components/ParticleCloudWebView/devInlineTemplate.generated' in '/tmp/aipa-cloud-build/MOspgHrlAJd17uI7hsq_a/src/utils'\n  using description file: /tmp/aipa-cloud-build/MOspgHrlAJd17uI7hsq_a/package.json (relative path: ./src/utils)\n    Field 'browser' doesn't contain a valid alias configuration\n    using description file: /tmp/aipa-cloud-build/MOspgHrlAJd17uI7hsq_a/package.json (relative path: ./src/components/ParticleCloudWebView/devInlineTemplate.generated)\n      no extension\n        Field 'browser' doesn't contain a valid alias configuration\n        /tmp/aipa-cloud-build/MOspgHrlAJd17uI7hsq_a/src/components/ParticleCloudWebView/devInlineTemplate.generated doesn't exist\n      .js\n        Field 'browser' doesn't contain a valid alias configuration\n        /tmp/aipa-cloud-build/MOspgHrlAJd17uI7hsq_a/src/components/ParticleCloudWebView/devInlineTemplate.generated.js doesn't exist\n      .jsx\n        Field 'browser' doesn't contain a valid alias configuration\n        /tmp/aipa-cloud-build/MOspgHrlAJd17uI7hsq_a/src/components/ParticleCloudWebView/devInlineTemplate.generated.jsx doesn't exist\n      .ts\n        Field 'browser' doesn't contain a valid alias configuration\n        /tmp/aipa-cloud-build/MOspgHrlAJd17uI7hsq_a/src/components/ParticleCloudWebView/devInlineTemplate.generated.ts doesn't exist\n      .tsx\n        Field 'browser' doesn't contain a valid alias configuration\n        /tmp/aipa-cloud-build/MOspgHrlAJd17uI7hsq_a/src/components/ParticleCloudWebView/devInlineTemplate.generated.tsx doesn't exist\n      .mjs\n        Field 'browser' doesn't contain a valid alias configuration\n        /tmp/aipa-cloud-build/MOspgHrlAJd17uI7hsq_a/src/components/ParticleCloudWebView/devInlineTemplate.generated.mjs doesn't exist\n      .vue\n        Field 'browser' doesn't contain a valid alias configuration\n        /tmp/aipa-cloud-build/MOspgHrlAJd17uI7hsq_a/src/components/ParticleCloudWebView/devInlineTemplate.generated.vue doesn't exist\n      as directory\n        /tmp/aipa-cloud-build/MOspgHrlAJd17uI7hsq_a/src/components/ParticleCloudWebView/devInlineTemplate.generated doesn't exist\n\n","timestamp":1780163154068}
[01:45:59.187] File change detected. Updating...
[01:45:59.194] readProjectFiles, Found 82 files to read.
[01:45:59.232] Files read. Count: 82
[01:45:59.232] Calling pai.updateCloudDev...
[01:45:59.232] [PAI SDK] cloudServer.update called, appId: pai-preview-trae-908f3b3b
[01:46:00.169] [PAI SDK] Received event: reload {"url":"aipa://pai-preview-trae-908f3b3b.aipa-cloud.bytedance.net?type=pai","timestamp":1780163162521}
[01:46:00.169] [PAI SDK] CloudServer received reload event: {"url":"aipa://pai-preview-trae-908f3b3b.aipa-cloud.bytedance.net?type=pai","timestamp":1780163162521}
[01:46:00.169] [PAI SDK] reload, url = https://sd62opo6oqou1ckhsuo00.apigateway-cn-beijing.volceapi.com/?faasInstanceName=vefaas-f0vkicge-pyw70jixna-d8dgnho2op1mmqgb1al0-sandbox&hash=pai-preview-trae-908f3b3b
[01:46:00.170] [PAI SDK] cloudServer.update response: {
  "status": "running",
  "reload": false,
  "hash": "pai-preview-trae-908f3b3b"
}
[01:46:00.170] Update success (pai.updateCloudDev returned)
[01:46:00.229] [PAI SDK] Received event: log {"content":"<i> [webpack-dev-middleware] wait until bundle finished: /\n","timestamp":1780163162581}
[01:46:00.242] [PAI SDK] Received event: log {"content":"<i> [webpack-dev-middleware] wait until bundle finished: /\n","timestamp":1780163162595}
[01:46:01.435] [PAI SDK] Received event: log {"content":"✅  编译成功 5/31/2026, 1:46:03 AM\n\n","timestamp":1780163163787}
[01:46:31.317] Received update request via HTTP
[01:46:33.330] File change detected. Updating...
[01:46:33.336] readProjectFiles, Found 82 files to read.
[01:46:33.357] Files read. Count: 82
[01:46:33.357] Calling pai.updateCloudDev...
[01:46:33.357] [PAI SDK] cloudServer.update called, appId: pai-preview-trae-908f3b3b
[01:46:34.163] [PAI SDK] Received event: reload {"url":"aipa://pai-preview-trae-908f3b3b.aipa-cloud.bytedance.net?type=pai","timestamp":1780163196515}
[01:46:34.164] [PAI SDK] CloudServer received reload event: {"url":"aipa://pai-preview-trae-908f3b3b.aipa-cloud.bytedance.net?type=pai","timestamp":1780163196515}
[01:46:34.164] [PAI SDK] reload, url = https://sd62opo6oqou1ckhsuo00.apigateway-cn-beijing.volceapi.com/?faasInstanceName=vefaas-f0vkicge-pyw70jixna-d8dgnho2op1mmqgb1al0-sandbox&hash=pai-preview-trae-908f3b3b
[01:46:34.165] [PAI SDK] cloudServer.update response: {
  "status": "running",
  "reload": false,
  "hash": "pai-preview-trae-908f3b3b"
}
[01:46:34.167] Update success (pai.updateCloudDev returned)
[01:46:34.230] [PAI SDK] Received event: log {"content":"<i> [webpack-dev-middleware] wait until bundle finished: /\n","timestamp":1780163196581}
[01:46:34.240] [PAI SDK] Received event: log {"content":"<i> [webpack-dev-middleware] wait until bundle finished: /\n","timestamp":1780163196592}
[01:46:35.416] [PAI SDK] Received event: log {"content":"✅  编译成功 5/31/2026, 1:46:37 AM\n\n","timestamp":1780163197769}
[01:46:37.762] [Preview Server] Frontend disconnected, clients size = 2
[01:46:38.097] [Preview Server] Frontend connected, clients size = 2
[01:46:38.098] Sending cached status to new connection, lastStatusMessage = {"event":"status_change","message":{"url":"https://sd62opo6oqou1ckhsuo00.apigateway-cn-beijing.volceapi.com/?faasInstanceName=vefaas-f0vkicge-pyw70jixna-d8dgnho2op1mmqgb1al0-sandbox&hash=pai-preview-trae-908f3b3b","schema":"aipa://preview?type=pai&aipa_id=pai-preview-trae-908f3b3b&uuid=4b0fdcc3-6d14-4bba-bec7-c120dc9d95b0","status":"running","framework":"taro"}}
[01:46:55.130] [Preview Server] Frontend disconnected, clients size = 2
[01:47:02.011] [Preview Server] Frontend connected, clients size = 2
[01:47:02.011] Sending cached status to new connection, lastStatusMessage = {"event":"status_change","message":{"url":"https://sd62opo6oqou1ckhsuo00.apigateway-cn-beijing.volceapi.com/?faasInstanceName=vefaas-f0vkicge-pyw70jixna-d8dgnho2op1mmqgb1al0-sandbox&hash=pai-preview-trae-908f3b3b","schema":"aipa://preview?type=pai&aipa_id=pai-preview-trae-908f3b3b&uuid=4b0fdcc3-6d14-4bba-bec7-c120dc9d95b0","status":"running","framework":"taro"}}
[01:47:45.462] File change detected. Updating...
[01:47:45.468] readProjectFiles, Found 82 files to read.
[01:47:45.493] Files read. Count: 82
[01:47:45.494] Calling pai.updateCloudDev...
[01:47:45.494] [PAI SDK] cloudServer.update called, appId: pai-preview-trae-908f3b3b
[01:47:46.157] [PAI SDK] Received event: reload {"url":"aipa://pai-preview-trae-908f3b3b.aipa-cloud.bytedance.net?type=pai","timestamp":1780163268510}
[01:47:46.157] [PAI SDK] CloudServer received reload event: {"url":"aipa://pai-preview-trae-908f3b3b.aipa-cloud.bytedance.net?type=pai","timestamp":1780163268510}
[01:47:46.157] [PAI SDK] reload, url = https://sd62opo6oqou1ckhsuo00.apigateway-cn-beijing.volceapi.com/?faasInstanceName=vefaas-f0vkicge-pyw70jixna-d8dgnho2op1mmqgb1al0-sandbox&hash=pai-preview-trae-908f3b3b
[01:47:46.157] [PAI SDK] cloudServer.update response: {
  "status": "running",
  "reload": false,
  "hash": "pai-preview-trae-908f3b3b"
}
[01:47:46.158] Update success (pai.updateCloudDev returned)
[01:47:46.221] [PAI SDK] Received event: log {"content":"<i> [webpack-dev-middleware] wait until bundle finished: /\n","timestamp":1780163268575}
[01:47:47.253] [PAI SDK] Received event: log {"content":"✅  编译成功 5/31/2026, 1:47:49 AM\n\n","timestamp":1780163269606}
[01:47:51.758] File change detected. Updating...
[01:47:51.763] readProjectFiles, Found 82 files to read.
[01:47:51.791] Files read. Count: 82
[01:47:51.791] Calling pai.updateCloudDev...
[01:47:51.791] [PAI SDK] cloudServer.update called, appId: pai-preview-trae-908f3b3b
[01:47:52.683] [PAI SDK] Received event: reload {"url":"aipa://pai-preview-trae-908f3b3b.aipa-cloud.bytedance.net?type=pai","timestamp":1780163275034}
[01:47:52.683] [PAI SDK] CloudServer received reload event: {"url":"aipa://pai-preview-trae-908f3b3b.aipa-cloud.bytedance.net?type=pai","timestamp":1780163275034}
[01:47:52.683] [PAI SDK] reload, url = https://sd62opo6oqou1ckhsuo00.apigateway-cn-beijing.volceapi.com/?faasInstanceName=vefaas-f0vkicge-pyw70jixna-d8dgnho2op1mmqgb1al0-sandbox&hash=pai-preview-trae-908f3b3b
[01:47:52.684] [PAI SDK] cloudServer.update response: {
  "status": "running",
  "reload": false,
  "hash": "pai-preview-trae-908f3b3b"
}
[01:47:52.684] Update success (pai.updateCloudDev returned)
[01:47:52.741] [PAI SDK] Received event: log {"content":"<i> [webpack-dev-middleware] wait until bundle finished: /\n","timestamp":1780163275093}
[01:47:52.756] [PAI SDK] Received event: log {"content":"<i> [webpack-dev-middleware] wait until bundle finished: /\n","timestamp":1780163275109}
[01:47:54.677] [PAI SDK] Received event: log {"content":"✅  编译成功 5/31/2026, 1:47:57 AM\n\n","timestamp":1780163277030}
[01:50:01.830] File change detected. Updating...
[01:50:01.836] readProjectFiles, Found 82 files to read.
[01:50:01.880] Files read. Count: 82
[01:50:01.881] Calling pai.updateCloudDev...
[01:50:01.881] [PAI SDK] cloudServer.update called, appId: pai-preview-trae-908f3b3b
[01:50:02.975] [PAI SDK] Received event: reload {"url":"aipa://pai-preview-trae-908f3b3b.aipa-cloud.bytedance.net?type=pai","timestamp":1780163405330}
[01:50:02.975] [PAI SDK] CloudServer received reload event: {"url":"aipa://pai-preview-trae-908f3b3b.aipa-cloud.bytedance.net?type=pai","timestamp":1780163405330}
[01:50:02.975] [PAI SDK] reload, url = https://sd62opo6oqou1ckhsuo00.apigateway-cn-beijing.volceapi.com/?faasInstanceName=vefaas-f0vkicge-pyw70jixna-d8dgnho2op1mmqgb1al0-sandbox&hash=pai-preview-trae-908f3b3b
[01:50:02.975] [PAI SDK] cloudServer.update response: {
  "status": "running",
  "reload": false,
  "hash": "pai-preview-trae-908f3b3b"
}
[01:50:02.976] Update success (pai.updateCloudDev returned)
[01:50:03.036] [PAI SDK] Received event: log {"content":"<i> [webpack-dev-middleware] wait until bundle finished: /\n","timestamp":1780163405391}
[01:50:03.048] [PAI SDK] Received event: log {"content":"<i> [webpack-dev-middleware] wait until bundle finished: /\n","timestamp":1780163405403}
[01:50:04.154] [PAI SDK] Received event: log {"content":"✅  编译成功 5/31/2026, 1:50:06 AM\n\n","timestamp":1780163406509}
[01:50:08.678] File change detected. Updating...
[01:50:08.684] readProjectFiles, Found 82 files to read.
[01:50:08.729] Files read. Count: 82
[01:50:08.730] Calling pai.updateCloudDev...
[01:50:08.730] [PAI SDK] cloudServer.update called, appId: pai-preview-trae-908f3b3b
[01:50:09.676] [PAI SDK] Received event: reload {"url":"aipa://pai-preview-trae-908f3b3b.aipa-cloud.bytedance.net?type=pai","timestamp":1780163412030}
[01:50:09.676] [PAI SDK] CloudServer received reload event: {"url":"aipa://pai-preview-trae-908f3b3b.aipa-cloud.bytedance.net?type=pai","timestamp":1780163412030}
[01:50:09.677] [PAI SDK] reload, url = https://sd62opo6oqou1ckhsuo00.apigateway-cn-beijing.volceapi.com/?faasInstanceName=vefaas-f0vkicge-pyw70jixna-d8dgnho2op1mmqgb1al0-sandbox&hash=pai-preview-trae-908f3b3b
[01:50:09.677] [PAI SDK] cloudServer.update response: {
  "status": "running",
  "reload": false,
  "hash": "pai-preview-trae-908f3b3b"
}
[01:50:09.678] Update success (pai.updateCloudDev returned)
[01:50:09.738] [PAI SDK] Received event: log {"content":"<i> [webpack-dev-middleware] wait until bundle finished: /\n","timestamp":1780163412093}
[01:50:09.754] [PAI SDK] Received event: log {"content":"<i> [webpack-dev-middleware] wait until bundle finished: /\n","timestamp":1780163412110}
[01:50:11.938] [PAI SDK] Received event: log {"content":"✅  编译成功 5/31/2026, 1:50:14 AM\n\n","timestamp":1780163414292}
[01:51:38.691] File change detected. Updating...
[01:51:38.700] readProjectFiles, Found 82 files to read.
[01:51:38.747] Files read. Count: 82
[01:51:38.748] Calling pai.updateCloudDev...
[01:51:38.748] [PAI SDK] cloudServer.update called, appId: pai-preview-trae-908f3b3b
[01:51:39.693] [PAI SDK] Received event: reload {"url":"aipa://pai-preview-trae-908f3b3b.aipa-cloud.bytedance.net?type=pai","timestamp":1780163502049}
[01:51:39.694] [PAI SDK] CloudServer received reload event: {"url":"aipa://pai-preview-trae-908f3b3b.aipa-cloud.bytedance.net?type=pai","timestamp":1780163502049}
[01:51:39.694] [PAI SDK] reload, url = https://sd62opo6oqou1ckhsuo00.apigateway-cn-beijing.volceapi.com/?faasInstanceName=vefaas-f0vkicge-pyw70jixna-d8dgnho2op1mmqgb1al0-sandbox&hash=pai-preview-trae-908f3b3b
[01:51:39.694] [PAI SDK] cloudServer.update response: {
  "status": "running",
  "reload": false,
  "hash": "pai-preview-trae-908f3b3b"
}
[01:51:39.694] Update success (pai.updateCloudDev returned)
[01:51:39.752] [PAI SDK] Received event: log {"content":"<i> [webpack-dev-middleware] wait until bundle finished: /\n","timestamp":1780163502108}
[01:51:39.767] [PAI SDK] Received event: log {"content":"<i> [webpack-dev-middleware] wait until bundle finished: /\n","timestamp":1780163502123}
[01:51:41.500] [PAI SDK] Received event: log {"content":"✅  编译成功 5/31/2026, 1:51:43 AM\n\n","timestamp":1780163503856}
[01:54:05.183] File change detected. Updating...
[01:54:05.191] readProjectFiles, Found 84 files to read.
[01:54:05.216] Files read. Count: 84
[01:54:05.216] Calling pai.updateCloudDev...
[01:54:05.216] [PAI SDK] cloudServer.update called, appId: pai-preview-trae-908f3b3b
[01:54:06.176] [PAI SDK] Received event: reload {"url":"aipa://pai-preview-trae-908f3b3b.aipa-cloud.bytedance.net?type=pai","timestamp":1780163648533}
[01:54:06.176] [PAI SDK] CloudServer received reload event: {"url":"aipa://pai-preview-trae-908f3b3b.aipa-cloud.bytedance.net?type=pai","timestamp":1780163648533}
[01:54:06.176] [PAI SDK] reload, url = https://sd62opo6oqou1ckhsuo00.apigateway-cn-beijing.volceapi.com/?faasInstanceName=vefaas-f0vkicge-pyw70jixna-d8dgnho2op1mmqgb1al0-sandbox&hash=pai-preview-trae-908f3b3b
[01:54:06.177] [PAI SDK] cloudServer.update response: {
  "status": "running",
  "reload": false,
  "hash": "pai-preview-trae-908f3b3b"
}
[01:54:06.177] Update success (pai.updateCloudDev returned)
[01:54:06.236] [PAI SDK] Received event: log {"content":"<i> [webpack-dev-middleware] wait until bundle finished: /\n","timestamp":1780163648593}
[01:54:07.369] [PAI SDK] Received event: log {"content":"✅  编译成功 5/31/2026, 1:54:09 AM\n\n","timestamp":1780163649726}
[01:54:10.972] File change detected. Updating...
[01:54:10.978] readProjectFiles, Found 85 files to read.
[01:54:10.998] Files read. Count: 85
[01:54:10.998] Calling pai.updateCloudDev...
[01:54:10.999] [PAI SDK] cloudServer.update called, appId: pai-preview-trae-908f3b3b
[01:54:12.153] [PAI SDK] Received event: reload {"url":"aipa://pai-preview-trae-908f3b3b.aipa-cloud.bytedance.net?type=pai","timestamp":1780163654510}
[01:54:12.153] [PAI SDK] CloudServer received reload event: {"url":"aipa://pai-preview-trae-908f3b3b.aipa-cloud.bytedance.net?type=pai","timestamp":1780163654510}
[01:54:12.154] [PAI SDK] reload, url = https://sd62opo6oqou1ckhsuo00.apigateway-cn-beijing.volceapi.com/?faasInstanceName=vefaas-f0vkicge-pyw70jixna-d8dgnho2op1mmqgb1al0-sandbox&hash=pai-preview-trae-908f3b3b
[01:54:12.155] [PAI SDK] cloudServer.update response: {
  "status": "running",
  "reload": false,
  "hash": "pai-preview-trae-908f3b3b"
}
[01:54:12.156] Update success (pai.updateCloudDev returned)
[01:54:12.214] [PAI SDK] Received event: log {"content":"<i> [webpack-dev-middleware] wait until bundle finished: /\n","timestamp":1780163654571}
[01:54:12.228] [PAI SDK] Received event: log {"content":"<i> [webpack-dev-middleware] wait until bundle finished: /\n","timestamp":1780163654586}
[01:54:14.145] [PAI SDK] Received event: log {"content":"✅  编译成功 5/31/2026, 1:54:16 AM\n\n","timestamp":1780163656502}
[01:54:14.774] File change detected. Updating...
[01:54:14.780] readProjectFiles, Found 86 files to read.
[01:54:14.811] Files read. Count: 86
[01:54:14.811] Calling pai.updateCloudDev...
[01:54:14.812] [PAI SDK] cloudServer.update called, appId: pai-preview-trae-908f3b3b
[01:54:15.769] [PAI SDK] Received event: reload {"url":"aipa://pai-preview-trae-908f3b3b.aipa-cloud.bytedance.net?type=pai","timestamp":1780163658127}
[01:54:15.769] [PAI SDK] CloudServer received reload event: {"url":"aipa://pai-preview-trae-908f3b3b.aipa-cloud.bytedance.net?type=pai","timestamp":1780163658127}
[01:54:15.770] [PAI SDK] reload, url = https://sd62opo6oqou1ckhsuo00.apigateway-cn-beijing.volceapi.com/?faasInstanceName=vefaas-f0vkicge-pyw70jixna-d8dgnho2op1mmqgb1al0-sandbox&hash=pai-preview-trae-908f3b3b
[01:54:15.770] [PAI SDK] cloudServer.update response: {
  "status": "running",
  "reload": false,
  "hash": "pai-preview-trae-908f3b3b"
}
[01:54:15.770] Update success (pai.updateCloudDev returned)
[01:54:15.829] [PAI SDK] Received event: log {"content":"<i> [webpack-dev-middleware] wait until bundle finished: /\n","timestamp":1780163658185}
[01:54:15.852] [PAI SDK] Received event: log {"content":"<i> [webpack-dev-middleware] wait until bundle finished: /\n","timestamp":1780163658209}
[01:54:16.793] [PAI SDK] Received event: log {"content":"✅  编译成功 5/31/2026, 1:54:19 AM\n\n","timestamp":1780163659150}
[01:54:19.203] File change detected. Updating...
[01:54:19.214] readProjectFiles, Found 87 files to read.
[01:54:19.239] Files read. Count: 87
[01:54:19.239] Calling pai.updateCloudDev...
[01:54:19.240] [PAI SDK] cloudServer.update called, appId: pai-preview-trae-908f3b3b
[01:54:20.153] [PAI SDK] Received event: reload {"url":"aipa://pai-preview-trae-908f3b3b.aipa-cloud.bytedance.net?type=pai","timestamp":1780163662510}
[01:54:20.153] [PAI SDK] CloudServer received reload event: {"url":"aipa://pai-preview-trae-908f3b3b.aipa-cloud.bytedance.net?type=pai","timestamp":1780163662510}
[01:54:20.153] [PAI SDK] reload, url = https://sd62opo6oqou1ckhsuo00.apigateway-cn-beijing.volceapi.com/?faasInstanceName=vefaas-f0vkicge-pyw70jixna-d8dgnho2op1mmqgb1al0-sandbox&hash=pai-preview-trae-908f3b3b
[01:54:20.153] [PAI SDK] cloudServer.update response: {
  "status": "running",
  "reload": false,
  "hash": "pai-preview-trae-908f3b3b"
}
[01:54:20.153] Update success (pai.updateCloudDev returned)
[01:54:20.211] [PAI SDK] Received event: log {"content":"<i> [webpack-dev-middleware] wait until bundle finished: /\n","timestamp":1780163662567}
[01:54:20.222] [PAI SDK] Received event: log {"content":"<i> [webpack-dev-middleware] wait until bundle finished: /\n","timestamp":1780163662579}
[01:54:21.138] [PAI SDK] Received event: log {"content":"✅  编译成功 5/31/2026, 1:54:23 AM\n\n","timestamp":1780163663495}
[01:54:21.878] File change detected. Updating...
[01:54:21.882] readProjectFiles, Found 89 files to read.
[01:54:21.908] Files read. Count: 89
[01:54:21.908] Calling pai.updateCloudDev...
[01:54:21.908] [PAI SDK] cloudServer.update called, appId: pai-preview-trae-908f3b3b
[01:54:22.967] [PAI SDK] Received event: reload {"url":"aipa://pai-preview-trae-908f3b3b.aipa-cloud.bytedance.net?type=pai","timestamp":1780163665324}
[01:54:22.967] [PAI SDK] CloudServer received reload event: {"url":"aipa://pai-preview-trae-908f3b3b.aipa-cloud.bytedance.net?type=pai","timestamp":1780163665324}
[01:54:22.967] [PAI SDK] reload, url = https://sd62opo6oqou1ckhsuo00.apigateway-cn-beijing.volceapi.com/?faasInstanceName=vefaas-f0vkicge-pyw70jixna-d8dgnho2op1mmqgb1al0-sandbox&hash=pai-preview-trae-908f3b3b
[01:54:22.968] [PAI SDK] cloudServer.update response: {
  "status": "running",
  "reload": false,
  "hash": "pai-preview-trae-908f3b3b"
}
[01:54:22.968] Update success (pai.updateCloudDev returned)
[01:54:23.030] [PAI SDK] Received event: log {"content":"<i> [webpack-dev-middleware] wait until bundle finished: /\n","timestamp":1780163665386}
[01:54:23.046] [PAI SDK] Received event: log {"content":"<i> [webpack-dev-middleware] wait until bundle finished: /\n","timestamp":1780163665404}
[01:54:23.904] [PAI SDK] Received event: log {"content":"✅  编译成功 5/31/2026, 1:54:26 AM\n\n","timestamp":1780163666260}
[01:54:27.357] File change detected. Updating...
[01:54:27.361] readProjectFiles, Found 89 files to read.
[01:54:27.385] Files read. Count: 89
[01:54:27.385] Calling pai.updateCloudDev...
[01:54:27.385] [PAI SDK] cloudServer.update called, appId: pai-preview-trae-908f3b3b
[01:54:28.155] [PAI SDK] Received event: reload {"url":"aipa://pai-preview-trae-908f3b3b.aipa-cloud.bytedance.net?type=pai","timestamp":1780163670513}
[01:54:28.156] [PAI SDK] CloudServer received reload event: {"url":"aipa://pai-preview-trae-908f3b3b.aipa-cloud.bytedance.net?type=pai","timestamp":1780163670513}
[01:54:28.156] [PAI SDK] reload, url = https://sd62opo6oqou1ckhsuo00.apigateway-cn-beijing.volceapi.com/?faasInstanceName=vefaas-f0vkicge-pyw70jixna-d8dgnho2op1mmqgb1al0-sandbox&hash=pai-preview-trae-908f3b3b
[01:54:28.156] [PAI SDK] cloudServer.update response: {
  "status": "running",
  "reload": false,
  "hash": "pai-preview-trae-908f3b3b"
}
[01:54:28.156] Update success (pai.updateCloudDev returned)
[01:54:28.215] [PAI SDK] Received event: log {"content":"<i> [webpack-dev-middleware] wait until bundle finished: /\n","timestamp":1780163670573}
[01:54:28.225] [PAI SDK] Received event: log {"content":"<i> [webpack-dev-middleware] wait until bundle finished: /\n","timestamp":1780163670583}
[01:54:29.162] [PAI SDK] Received event: log {"content":"✅  编译成功 5/31/2026, 1:54:31 AM\n\n","timestamp":1780163671519}
[01:54:34.627] File change detected. Updating...
[01:54:34.632] readProjectFiles, Found 89 files to read.
[01:54:34.660] Files read. Count: 89
[01:54:34.660] Calling pai.updateCloudDev...
[01:54:34.660] [PAI SDK] cloudServer.update called, appId: pai-preview-trae-908f3b3b
[01:54:35.431] [PAI SDK] Received event: reload {"url":"aipa://pai-preview-trae-908f3b3b.aipa-cloud.bytedance.net?type=pai","timestamp":1780163677788}
[01:54:35.431] [PAI SDK] CloudServer received reload event: {"url":"aipa://pai-preview-trae-908f3b3b.aipa-cloud.bytedance.net?type=pai","timestamp":1780163677788}
[01:54:35.431] [PAI SDK] reload, url = https://sd62opo6oqou1ckhsuo00.apigateway-cn-beijing.volceapi.com/?faasInstanceName=vefaas-f0vkicge-pyw70jixna-d8dgnho2op1mmqgb1al0-sandbox&hash=pai-preview-trae-908f3b3b
[01:54:35.431] [PAI SDK] cloudServer.update response: {
  "status": "running",
  "reload": false,
  "hash": "pai-preview-trae-908f3b3b"
}
[01:54:35.431] Update success (pai.updateCloudDev returned)
[01:54:35.488] [PAI SDK] Received event: log {"content":"<i> [webpack-dev-middleware] wait until bundle finished: /\n","timestamp":1780163677845}
[01:54:35.502] [PAI SDK] Received event: log {"content":"<i> [webpack-dev-middleware] wait until bundle finished: /\n","timestamp":1780163677860}
[01:54:37.566] [PAI SDK] Received event: log {"content":"✅  编译成功 5/31/2026, 1:54:39 AM\n\n","timestamp":1780163679923}
[01:54:44.752] File change detected. Updating...
[01:54:44.759] readProjectFiles, Found 89 files to read.
[01:54:44.784] Files read. Count: 89
[01:54:44.785] Calling pai.updateCloudDev...
[01:54:44.785] [PAI SDK] cloudServer.update called, appId: pai-preview-trae-908f3b3b
[01:54:45.717] [PAI SDK] Received event: reload {"url":"aipa://pai-preview-trae-908f3b3b.aipa-cloud.bytedance.net?type=pai","timestamp":1780163688074}
[01:54:45.717] [PAI SDK] CloudServer received reload event: {"url":"aipa://pai-preview-trae-908f3b3b.aipa-cloud.bytedance.net?type=pai","timestamp":1780163688074}
[01:54:45.718] [PAI SDK] reload, url = https://sd62opo6oqou1ckhsuo00.apigateway-cn-beijing.volceapi.com/?faasInstanceName=vefaas-f0vkicge-pyw70jixna-d8dgnho2op1mmqgb1al0-sandbox&hash=pai-preview-trae-908f3b3b
[01:54:45.718] [PAI SDK] cloudServer.update response: {
  "status": "running",
  "reload": false,
  "hash": "pai-preview-trae-908f3b3b"
}
[01:54:45.718] Update success (pai.updateCloudDev returned)
[01:54:45.776] [PAI SDK] Received event: log {"content":"<i> [webpack-dev-middleware] wait until bundle finished: /\n","timestamp":1780163688134}
[01:54:45.792] [PAI SDK] Received event: log {"content":"<i> [webpack-dev-middleware] wait until bundle finished: /\n","timestamp":1780163688150}
[01:54:46.721] [PAI SDK] Received event: log {"content":"✅  编译成功 5/31/2026, 1:54:49 AM\n\n","timestamp":1780163689078}
[01:54:51.818] File change detected. Updating...
[01:54:51.825] readProjectFiles, Found 89 files to read.
[01:54:51.875] Files read. Count: 89
[01:54:51.875] Calling pai.updateCloudDev...
[01:54:51.876] [PAI SDK] cloudServer.update called, appId: pai-preview-trae-908f3b3b
[01:54:52.923] [PAI SDK] Received event: reload {"url":"aipa://pai-preview-trae-908f3b3b.aipa-cloud.bytedance.net?type=pai","timestamp":1780163695279}
[01:54:52.923] [PAI SDK] CloudServer received reload event: {"url":"aipa://pai-preview-trae-908f3b3b.aipa-cloud.bytedance.net?type=pai","timestamp":1780163695279}
[01:54:52.924] [PAI SDK] reload, url = https://sd62opo6oqou1ckhsuo00.apigateway-cn-beijing.volceapi.com/?faasInstanceName=vefaas-f0vkicge-pyw70jixna-d8dgnho2op1mmqgb1al0-sandbox&hash=pai-preview-trae-908f3b3b
[01:54:52.924] [PAI SDK] cloudServer.update response: {
  "status": "running",
  "reload": false,
  "hash": "pai-preview-trae-908f3b3b"
}
[01:54:52.925] Update success (pai.updateCloudDev returned)
[01:54:52.983] [PAI SDK] Received event: log {"content":"<i> [webpack-dev-middleware] wait until bundle finished: /\n","timestamp":1780163695341}
[01:54:52.996] [PAI SDK] Received event: log {"content":"<i> [webpack-dev-middleware] wait until bundle finished: /\n","timestamp":1780163695354}
[01:54:54.817] [PAI SDK] Received event: log {"content":"✅  编译成功 5/31/2026, 1:54:57 AM\n\n","timestamp":1780163697175}
[01:54:54.917] File change detected. Updating...
[01:54:54.926] readProjectFiles, Found 89 files to read.
[01:54:54.976] Files read. Count: 89
[01:54:54.976] Calling pai.updateCloudDev...
[01:54:54.977] [PAI SDK] cloudServer.update called, appId: pai-preview-trae-908f3b3b
[01:54:56.375] [PAI SDK] Received event: reload {"url":"aipa://pai-preview-trae-908f3b3b.aipa-cloud.bytedance.net?type=pai","timestamp":1780163698733}
[01:54:56.376] [PAI SDK] CloudServer received reload event: {"url":"aipa://pai-preview-trae-908f3b3b.aipa-cloud.bytedance.net?type=pai","timestamp":1780163698733}
[01:54:56.376] [PAI SDK] reload, url = https://sd62opo6oqou1ckhsuo00.apigateway-cn-beijing.volceapi.com/?faasInstanceName=vefaas-f0vkicge-pyw70jixna-d8dgnho2op1mmqgb1al0-sandbox&hash=pai-preview-trae-908f3b3b
[01:54:56.376] [PAI SDK] cloudServer.update response: {
  "status": "running",
  "reload": false,
  "hash": "pai-preview-trae-908f3b3b"
}
[01:54:56.376] Update success (pai.updateCloudDev returned)
[01:54:56.446] [PAI SDK] Received event: log {"content":"<i> [webpack-dev-middleware] wait until bundle finished: /\n","timestamp":1780163698804}
[01:54:56.463] [PAI SDK] Received event: log {"content":"<i> [webpack-dev-middleware] wait until bundle finished: /js/src_pages_diary_index_tsx.eb7cdc29.js?faasInstanceName=vefaas-f0vkicge-pyw70jixna-d8dgnho2op1mmqgb1al0-sandbox&hash=pai-preview-trae-908f3b3b\n","timestamp":1780163698822}
[01:54:56.469] [PAI SDK] Received event: log {"content":"<i> [webpack-dev-middleware] wait until bundle finished: /\n","timestamp":1780163698826}
[01:54:56.749] [PAI SDK] Received event: log {"content":"<i> [webpack-dev-middleware] wait until bundle finished: /js/src_pages_diary_index_tsx.eb7cdc29.js?faasInstanceName=vefaas-f0vkicge-pyw70jixna-d8dgnho2op1mmqgb1al0-sandbox&hash=pai-preview-trae-908f3b3b\n","timestamp":1780163699106}
[01:54:57.626] [PAI SDK] Received event: log {"content":"✅  编译成功 5/31/2026, 1:54:59 AM\n\n","timestamp":1780163699984}
[01:54:58.256] File change detected. Updating...
[01:54:58.261] readProjectFiles, Found 89 files to read.
[01:54:58.283] Files read. Count: 89
[01:54:58.283] Calling pai.updateCloudDev...
[01:54:58.283] [PAI SDK] cloudServer.update called, appId: pai-preview-trae-908f3b3b
[01:54:59.325] [PAI SDK] Received event: reload {"url":"aipa://pai-preview-trae-908f3b3b.aipa-cloud.bytedance.net?type=pai","timestamp":1780163701670}
[01:54:59.325] [PAI SDK] CloudServer received reload event: {"url":"aipa://pai-preview-trae-908f3b3b.aipa-cloud.bytedance.net?type=pai","timestamp":1780163701670}
[01:54:59.325] [PAI SDK] reload, url = https://sd62opo6oqou1ckhsuo00.apigateway-cn-beijing.volceapi.com/?faasInstanceName=vefaas-f0vkicge-pyw70jixna-d8dgnho2op1mmqgb1al0-sandbox&hash=pai-preview-trae-908f3b3b
[01:54:59.326] [PAI SDK] cloudServer.update response: {
  "status": "running",
  "reload": false,
  "hash": "pai-preview-trae-908f3b3b"
}
[01:54:59.326] Update success (pai.updateCloudDev returned)
[01:54:59.391] [PAI SDK] Received event: log {"content":"<i> [webpack-dev-middleware] wait until bundle finished: /\n","timestamp":1780163701749}
[01:54:59.396] [PAI SDK] Received event: log {"content":"<i> [webpack-dev-middleware] wait until bundle finished: /\n","timestamp":1780163701754}
[01:54:59.471] [PAI SDK] Received event: log {"content":"<i> [webpack-dev-middleware] wait until bundle finished: /js/src_pages_diary_index_tsx.eb7cdc29.js?faasInstanceName=vefaas-f0vkicge-pyw70jixna-d8dgnho2op1mmqgb1al0-sandbox&hash=pai-preview-trae-908f3b3b\n","timestamp":1780163701829}
[01:54:59.541] [PAI SDK] Received event: log {"content":"<i> [webpack-dev-middleware] wait until bundle finished: /js/src_pages_diary_index_tsx.eb7cdc29.js?faasInstanceName=vefaas-f0vkicge-pyw70jixna-d8dgnho2op1mmqgb1al0-sandbox&hash=pai-preview-trae-908f3b3b\n","timestamp":1780163701899}
[01:55:00.489] [PAI SDK] Received event: log {"content":"✅  编译成功 5/31/2026, 1:55:02 AM\n\n","timestamp":1780163702846}
[01:55:08.751] File change detected. Updating...
[01:55:08.757] readProjectFiles, Found 90 files to read.
[01:55:08.794] Files read. Count: 90
[01:55:08.795] Calling pai.updateCloudDev...
[01:55:08.795] [PAI SDK] cloudServer.update called, appId: pai-preview-trae-908f3b3b
[01:55:09.700] [PAI SDK] Received event: reload {"url":"aipa://pai-preview-trae-908f3b3b.aipa-cloud.bytedance.net?type=pai","timestamp":1780163712058}
[01:55:09.701] [PAI SDK] CloudServer received reload event: {"url":"aipa://pai-preview-trae-908f3b3b.aipa-cloud.bytedance.net?type=pai","timestamp":1780163712058}
[01:55:09.701] [PAI SDK] reload, url = https://sd62opo6oqou1ckhsuo00.apigateway-cn-beijing.volceapi.com/?faasInstanceName=vefaas-f0vkicge-pyw70jixna-d8dgnho2op1mmqgb1al0-sandbox&hash=pai-preview-trae-908f3b3b
[01:55:09.701] [PAI SDK] cloudServer.update response: {
  "status": "running",
  "reload": false,
  "hash": "pai-preview-trae-908f3b3b"
}
[01:55:09.702] Update success (pai.updateCloudDev returned)
[01:55:09.759] [PAI SDK] Received event: log {"content":"<i> [webpack-dev-middleware] wait until bundle finished: /\n","timestamp":1780163712117}
[01:55:09.774] [PAI SDK] Received event: log {"content":"<i> [webpack-dev-middleware] wait until bundle finished: /\n","timestamp":1780163712133}
[01:55:10.862] [PAI SDK] Received event: log {"content":"✅  编译成功 5/31/2026, 1:55:13 AM\n\n","timestamp":1780163713219}
[01:55:13.234] File change detected. Updating...
[01:55:13.240] readProjectFiles, Found 90 files to read.
[01:55:13.287] Files read. Count: 90
[01:55:13.288] Calling pai.updateCloudDev...
[01:55:13.288] [PAI SDK] cloudServer.update called, appId: pai-preview-trae-908f3b3b
[01:55:14.274] [PAI SDK] Received event: reload {"url":"aipa://pai-preview-trae-908f3b3b.aipa-cloud.bytedance.net?type=pai","timestamp":1780163716632}
[01:55:14.274] [PAI SDK] CloudServer received reload event: {"url":"aipa://pai-preview-trae-908f3b3b.aipa-cloud.bytedance.net?type=pai","timestamp":1780163716632}
[01:55:14.275] [PAI SDK] reload, url = https://sd62opo6oqou1ckhsuo00.apigateway-cn-beijing.volceapi.com/?faasInstanceName=vefaas-f0vkicge-pyw70jixna-d8dgnho2op1mmqgb1al0-sandbox&hash=pai-preview-trae-908f3b3b
[01:55:14.275] [PAI SDK] cloudServer.update response: {
  "status": "running",
  "reload": false,
  "hash": "pai-preview-trae-908f3b3b"
}
[01:55:14.275] Update success (pai.updateCloudDev returned)
[01:55:14.335] [PAI SDK] Received event: log {"content":"<i> [webpack-dev-middleware] wait until bundle finished: /\n","timestamp":1780163716693}
[01:55:14.349] [PAI SDK] Received event: log {"content":"<i> [webpack-dev-middleware] wait until bundle finished: /\n","timestamp":1780163716707}
[01:55:16.454] [PAI SDK] Received event: log {"content":"✅  编译成功 5/31/2026, 1:55:18 AM\n\n","timestamp":1780163718812}
[01:55:19.589] File change detected. Updating...
[01:55:19.598] readProjectFiles, Found 90 files to read.
[01:55:19.648] Files read. Count: 90
[01:55:19.648] Calling pai.updateCloudDev...
[01:55:19.649] [PAI SDK] cloudServer.update called, appId: pai-preview-trae-908f3b3b
[01:55:20.448] [PAI SDK] Received event: reload {"url":"aipa://pai-preview-trae-908f3b3b.aipa-cloud.bytedance.net?type=pai","timestamp":1780163722806}
[01:55:20.448] [PAI SDK] CloudServer received reload event: {"url":"aipa://pai-preview-trae-908f3b3b.aipa-cloud.bytedance.net?type=pai","timestamp":1780163722806}
[01:55:20.448] [PAI SDK] reload, url = https://sd62opo6oqou1ckhsuo00.apigateway-cn-beijing.volceapi.com/?faasInstanceName=vefaas-f0vkicge-pyw70jixna-d8dgnho2op1mmqgb1al0-sandbox&hash=pai-preview-trae-908f3b3b
[01:55:20.449] [PAI SDK] cloudServer.update response: {
  "status": "running",
  "reload": false,
  "hash": "pai-preview-trae-908f3b3b"
}
[01:55:20.449] Update success (pai.updateCloudDev returned)
[01:55:20.507] [PAI SDK] Received event: log {"content":"<i> [webpack-dev-middleware] wait until bundle finished: /\n","timestamp":1780163722866}
[01:55:20.524] [PAI SDK] Received event: log {"content":"<i> [webpack-dev-middleware] wait until bundle finished: /\n","timestamp":1780163722882}
[01:55:22.721] [PAI SDK] Received event: log {"content":"✅  编译成功 5/31/2026, 1:55:25 AM\n\n","timestamp":1780163725079}
[01:57:02.986] File change detected. Updating...
[01:57:02.993] readProjectFiles, Found 90 files to read.
[01:57:03.041] Files read. Count: 90
[01:57:03.041] Calling pai.updateCloudDev...
[01:57:03.042] [PAI SDK] cloudServer.update called, appId: pai-preview-trae-908f3b3b
[01:57:04.280] [PAI SDK] Received event: reload {"url":"aipa://pai-preview-trae-908f3b3b.aipa-cloud.bytedance.net?type=pai","timestamp":1780163826639}
[01:57:04.280] [PAI SDK] CloudServer received reload event: {"url":"aipa://pai-preview-trae-908f3b3b.aipa-cloud.bytedance.net?type=pai","timestamp":1780163826639}
[01:57:04.280] [PAI SDK] reload, url = https://sd62opo6oqou1ckhsuo00.apigateway-cn-beijing.volceapi.com/?faasInstanceName=vefaas-f0vkicge-pyw70jixna-d8dgnho2op1mmqgb1al0-sandbox&hash=pai-preview-trae-908f3b3b
[01:57:04.280] [PAI SDK] cloudServer.update response: {
  "status": "running",
  "reload": false,
  "hash": "pai-preview-trae-908f3b3b"
}
[01:57:04.280] Update success (pai.updateCloudDev returned)
[01:57:04.343] [PAI SDK] Received event: log {"content":"<i> [webpack-dev-middleware] wait until bundle finished: /\n","timestamp":1780163826703}
[01:57:04.356] [PAI SDK] Received event: log {"content":"<i> [webpack-dev-middleware] wait until bundle finished: /\n","timestamp":1780163826715}
[01:57:06.872] File change detected. Updating...
[01:57:06.881] readProjectFiles, Found 90 files to read.
[01:57:06.937] Files read. Count: 90
[01:57:06.937] Calling pai.updateCloudDev...
[01:57:06.937] [PAI SDK] cloudServer.update called, appId: pai-preview-trae-908f3b3b
[01:57:07.510] [PAI SDK] Received event: log {"content":"✅  编译成功 5/31/2026, 1:57:09 AM\n\n","timestamp":1780163829869}
[01:57:08.266] [PAI SDK] Received event: reload {"url":"aipa://pai-preview-trae-908f3b3b.aipa-cloud.bytedance.net?type=pai","timestamp":1780163830618}
[01:57:08.266] [PAI SDK] CloudServer received reload event: {"url":"aipa://pai-preview-trae-908f3b3b.aipa-cloud.bytedance.net?type=pai","timestamp":1780163830618}
[01:57:08.267] [PAI SDK] reload, url = https://sd62opo6oqou1ckhsuo00.apigateway-cn-beijing.volceapi.com/?faasInstanceName=vefaas-f0vkicge-pyw70jixna-d8dgnho2op1mmqgb1al0-sandbox&hash=pai-preview-trae-908f3b3b
[01:57:08.267] [PAI SDK] cloudServer.update response: {
  "status": "running",
  "reload": false,
  "hash": "pai-preview-trae-908f3b3b"
}
[01:57:08.267] Update success (pai.updateCloudDev returned)
[01:57:08.328] [PAI SDK] Received event: log {"content":"<i> [webpack-dev-middleware] wait until bundle finished: /\n","timestamp":1780163830687}
[01:57:08.343] [PAI SDK] Received event: log {"content":"<i> [webpack-dev-middleware] wait until bundle finished: /\n","timestamp":1780163830703}
[01:57:08.433] [PAI SDK] Received event: log {"content":"<i> [webpack-dev-middleware] wait until bundle finished: /js/src_pages_diary_index_tsx.a4720dbf.js?faasInstanceName=vefaas-f0vkicge-pyw70jixna-d8dgnho2op1mmqgb1al0-sandbox&hash=pai-preview-trae-908f3b3b\n","timestamp":1780163830793}
[01:57:08.508] [PAI SDK] Received event: log {"content":"<i> [webpack-dev-middleware] wait until bundle finished: /js/src_pages_diary_index_tsx.a4720dbf.js?faasInstanceName=vefaas-f0vkicge-pyw70jixna-d8dgnho2op1mmqgb1al0-sandbox&hash=pai-preview-trae-908f3b3b\n","timestamp":1780163830868}
[01:57:09.687] [PAI SDK] Received event: log {"content":"✅  编译成功 5/31/2026, 1:57:12 AM\n\n","timestamp":1780163832047}
[02:01:04.165] File change detected. Updating...
[02:01:04.170] readProjectFiles, Found 92 files to read.
[02:01:04.197] Files read. Count: 92
[02:01:04.197] Calling pai.updateCloudDev...
[02:01:04.197] [PAI SDK] cloudServer.update called, appId: pai-preview-trae-908f3b3b
[02:01:04.922] [PAI SDK] Received event: reload {"url":"aipa://pai-preview-trae-908f3b3b.aipa-cloud.bytedance.net?type=pai","timestamp":1780164067283}
[02:01:04.922] [PAI SDK] CloudServer received reload event: {"url":"aipa://pai-preview-trae-908f3b3b.aipa-cloud.bytedance.net?type=pai","timestamp":1780164067283}
[02:01:04.922] [PAI SDK] reload, url = https://sd62opo6oqou1ckhsuo00.apigateway-cn-beijing.volceapi.com/?faasInstanceName=vefaas-f0vkicge-pyw70jixna-d8dgnho2op1mmqgb1al0-sandbox&hash=pai-preview-trae-908f3b3b
[02:01:04.923] [PAI SDK] cloudServer.update response: {
  "status": "running",
  "reload": false,
  "hash": "pai-preview-trae-908f3b3b"
}
[02:01:04.923] Update success (pai.updateCloudDev returned)
[02:01:04.987] [PAI SDK] Received event: log {"content":"<i> [webpack-dev-middleware] wait until bundle finished: /\n","timestamp":1780164067348}
[02:01:05.004] [PAI SDK] Received event: log {"content":"<i> [webpack-dev-middleware] wait until bundle finished: /\n","timestamp":1780164067365}
[02:01:06.309] [PAI SDK] Received event: log {"content":"✅  编译成功 5/31/2026, 2:01:08 AM\n\n","timestamp":1780164068670}
[02:01:19.417] File change detected. Updating...
[02:01:19.422] readProjectFiles, Found 92 files to read.
[02:01:19.454] Files read. Count: 92
[02:01:19.454] Calling pai.updateCloudDev...
[02:01:19.454] [PAI SDK] cloudServer.update called, appId: pai-preview-trae-908f3b3b
[02:01:20.150] [PAI SDK] Received event: reload {"url":"aipa://pai-preview-trae-908f3b3b.aipa-cloud.bytedance.net?type=pai","timestamp":1780164082512}
[02:01:20.151] [PAI SDK] CloudServer received reload event: {"url":"aipa://pai-preview-trae-908f3b3b.aipa-cloud.bytedance.net?type=pai","timestamp":1780164082512}
[02:01:20.151] [PAI SDK] reload, url = https://sd62opo6oqou1ckhsuo00.apigateway-cn-beijing.volceapi.com/?faasInstanceName=vefaas-f0vkicge-pyw70jixna-d8dgnho2op1mmqgb1al0-sandbox&hash=pai-preview-trae-908f3b3b
[02:01:20.151] [PAI SDK] cloudServer.update response: {
  "status": "running",
  "reload": false,
  "hash": "pai-preview-trae-908f3b3b"
}
[02:01:20.151] Update success (pai.updateCloudDev returned)
[02:01:20.210] [PAI SDK] Received event: log {"content":"<i> [webpack-dev-middleware] wait until bundle finished: /\n","timestamp":1780164082572}
[02:01:20.224] [PAI SDK] Received event: log {"content":"<i> [webpack-dev-middleware] wait until bundle finished: /\n","timestamp":1780164082586}
[02:01:23.100] [PAI SDK] Received event: log {"content":"✅  编译成功 5/31/2026, 2:01:25 AM\n\n","timestamp":1780164085461}
[02:01:25.368] File change detected. Updating...
[02:01:25.374] readProjectFiles, Found 92 files to read.
[02:01:25.419] Files read. Count: 92
[02:01:25.419] Calling pai.updateCloudDev...
[02:01:25.419] [PAI SDK] cloudServer.update called, appId: pai-preview-trae-908f3b3b
[02:01:26.116] [PAI SDK] Received event: reload {"url":"aipa://pai-preview-trae-908f3b3b.aipa-cloud.bytedance.net?type=pai","timestamp":1780164088477}
[02:01:26.116] [PAI SDK] CloudServer received reload event: {"url":"aipa://pai-preview-trae-908f3b3b.aipa-cloud.bytedance.net?type=pai","timestamp":1780164088477}
[02:01:26.116] [PAI SDK] reload, url = https://sd62opo6oqou1ckhsuo00.apigateway-cn-beijing.volceapi.com/?faasInstanceName=vefaas-f0vkicge-pyw70jixna-d8dgnho2op1mmqgb1al0-sandbox&hash=pai-preview-trae-908f3b3b
[02:01:26.116] [PAI SDK] cloudServer.update response: {
  "status": "running",
  "reload": false,
  "hash": "pai-preview-trae-908f3b3b"
}
[02:01:26.116] Update success (pai.updateCloudDev returned)
[02:01:26.176] [PAI SDK] Received event: log {"content":"<i> [webpack-dev-middleware] wait until bundle finished: /\n","timestamp":1780164088537}
[02:01:26.197] [PAI SDK] Received event: log {"content":"<i> [webpack-dev-middleware] wait until bundle finished: /\n","timestamp":1780164088553}
[02:01:27.698] [PAI SDK] Received event: log {"content":"✅  编译成功 5/31/2026, 2:01:30 AM\n\n","timestamp":1780164090060}
[02:06:32.344] File change detected. Updating...
[02:06:32.350] readProjectFiles, Found 92 files to read.
[02:06:32.379] Files read. Count: 92
[02:06:32.379] Calling pai.updateCloudDev...
[02:06:32.379] [PAI SDK] cloudServer.update called, appId: pai-preview-trae-908f3b3b
[02:06:33.078] [PAI SDK] Received event: reload {"url":"aipa://pai-preview-trae-908f3b3b.aipa-cloud.bytedance.net?type=pai","timestamp":1780164395443}
[02:06:33.079] [PAI SDK] CloudServer received reload event: {"url":"aipa://pai-preview-trae-908f3b3b.aipa-cloud.bytedance.net?type=pai","timestamp":1780164395443}
[02:06:33.079] [PAI SDK] reload, url = https://sd62opo6oqou1ckhsuo00.apigateway-cn-beijing.volceapi.com/?faasInstanceName=vefaas-f0vkicge-pyw70jixna-d8dgnho2op1mmqgb1al0-sandbox&hash=pai-preview-trae-908f3b3b
[02:06:33.079] [PAI SDK] cloudServer.update response: {
  "status": "running",
  "reload": false,
  "hash": "pai-preview-trae-908f3b3b"
}
[02:06:33.079] Update success (pai.updateCloudDev returned)
[02:06:33.136] [PAI SDK] Received event: log {"content":"<i> [webpack-dev-middleware] wait until bundle finished: /\n","timestamp":1780164395501}
[02:06:33.262] [PAI SDK] Received event: log {"content":"<i> [webpack-dev-middleware] wait until bundle finished: /\n","timestamp":1780164395627}
[02:06:34.492] [PAI SDK] Received event: log {"content":"✅  编译成功 5/31/2026, 2:06:36 AM\n\n","timestamp":1780164396856}
[02:06:44.050] Received update request via HTTP
[02:06:46.058] File change detected. Updating...
[02:06:46.068] readProjectFiles, Found 92 files to read.
[02:06:46.096] Files read. Count: 92
[02:06:46.096] Calling pai.updateCloudDev...
[02:06:46.096] [PAI SDK] cloudServer.update called, appId: pai-preview-trae-908f3b3b
[02:06:46.780] [PAI SDK] Received event: reload {"url":"aipa://pai-preview-trae-908f3b3b.aipa-cloud.bytedance.net?type=pai","timestamp":1780164409145}
[02:06:46.780] [PAI SDK] CloudServer received reload event: {"url":"aipa://pai-preview-trae-908f3b3b.aipa-cloud.bytedance.net?type=pai","timestamp":1780164409145}
[02:06:46.780] [PAI SDK] reload, url = https://sd62opo6oqou1ckhsuo00.apigateway-cn-beijing.volceapi.com/?faasInstanceName=vefaas-f0vkicge-pyw70jixna-d8dgnho2op1mmqgb1al0-sandbox&hash=pai-preview-trae-908f3b3b
[02:06:46.781] [PAI SDK] cloudServer.update response: {
  "status": "running",
  "reload": false,
  "hash": "pai-preview-trae-908f3b3b"
}
[02:06:46.781] Update success (pai.updateCloudDev returned)
[02:06:46.841] [PAI SDK] Received event: log {"content":"<i> [webpack-dev-middleware] wait until bundle finished: /\n","timestamp":1780164409206}
[02:06:46.851] [PAI SDK] Received event: log {"content":"<i> [webpack-dev-middleware] wait until bundle finished: /\n","timestamp":1780164409217}
[02:06:49.423] [PAI SDK] Received event: log {"content":"✅  编译成功 5/31/2026, 2:06:51 AM\n\n","timestamp":1780164411787}
[02:06:52.578] [Preview Server] Frontend disconnected, clients size = 2
[02:06:52.939] [Preview Server] Frontend connected, clients size = 2
[02:06:52.939] Sending cached status to new connection, lastStatusMessage = {"event":"status_change","message":{"url":"https://sd62opo6oqou1ckhsuo00.apigateway-cn-beijing.volceapi.com/?faasInstanceName=vefaas-f0vkicge-pyw70jixna-d8dgnho2op1mmqgb1al0-sandbox&hash=pai-preview-trae-908f3b3b","schema":"aipa://preview?type=pai&aipa_id=pai-preview-trae-908f3b3b&uuid=4b0fdcc3-6d14-4bba-bec7-c120dc9d95b0","status":"running","framework":"taro"}}
[02:08:17.259] File change detected. Updating...
[02:08:17.266] readProjectFiles, Found 92 files to read.
[02:08:17.316] Files read. Count: 92
[02:08:17.316] Calling pai.updateCloudDev...
[02:08:17.317] [PAI SDK] cloudServer.update called, appId: pai-preview-trae-908f3b3b
[02:08:18.048] [PAI SDK] Received event: reload {"url":"aipa://pai-preview-trae-908f3b3b.aipa-cloud.bytedance.net?type=pai","timestamp":1780164500414}
[02:08:18.049] [PAI SDK] CloudServer received reload event: {"url":"aipa://pai-preview-trae-908f3b3b.aipa-cloud.bytedance.net?type=pai","timestamp":1780164500414}
[02:08:18.049] [PAI SDK] reload, url = https://sd62opo6oqou1ckhsuo00.apigateway-cn-beijing.volceapi.com/?faasInstanceName=vefaas-f0vkicge-pyw70jixna-d8dgnho2op1mmqgb1al0-sandbox&hash=pai-preview-trae-908f3b3b
[02:08:18.049] [PAI SDK] cloudServer.update response: {
  "status": "running",
  "reload": false,
  "hash": "pai-preview-trae-908f3b3b"
}
[02:08:18.049] Update success (pai.updateCloudDev returned)
[02:08:18.111] [PAI SDK] Received event: log {"content":"<i> [webpack-dev-middleware] wait until bundle finished: /\n","timestamp":1780164500478}
[02:08:18.127] [PAI SDK] Received event: log {"content":"<i> [webpack-dev-middleware] wait until bundle finished: /\n","timestamp":1780164500493}
[02:08:20.749] [PAI SDK] Received event: log {"content":"✅  编译成功 5/31/2026, 2:08:23 AM\n\n","timestamp":1780164503114}
[02:08:26.136] Received update request via HTTP
[02:08:28.149] File change detected. Updating...
[02:08:28.154] readProjectFiles, Found 92 files to read.
[02:08:28.176] Files read. Count: 92
[02:08:28.176] Calling pai.updateCloudDev...
[02:08:28.177] [PAI SDK] cloudServer.update called, appId: pai-preview-trae-908f3b3b
[02:08:28.869] [PAI SDK] Received event: reload {"url":"aipa://pai-preview-trae-908f3b3b.aipa-cloud.bytedance.net?type=pai","timestamp":1780164511235}
[02:08:28.870] [PAI SDK] CloudServer received reload event: {"url":"aipa://pai-preview-trae-908f3b3b.aipa-cloud.bytedance.net?type=pai","timestamp":1780164511235}
[02:08:28.870] [PAI SDK] reload, url = https://sd62opo6oqou1ckhsuo00.apigateway-cn-beijing.volceapi.com/?faasInstanceName=vefaas-f0vkicge-pyw70jixna-d8dgnho2op1mmqgb1al0-sandbox&hash=pai-preview-trae-908f3b3b
[02:08:28.870] [PAI SDK] cloudServer.update response: {
  "status": "running",
  "reload": false,
  "hash": "pai-preview-trae-908f3b3b"
}
[02:08:28.870] Update success (pai.updateCloudDev returned)
[02:08:28.930] [PAI SDK] Received event: log {"content":"<i> [webpack-dev-middleware] wait until bundle finished: /\n","timestamp":1780164511296}
[02:08:28.958] [PAI SDK] Received event: log {"content":"<i> [webpack-dev-middleware] wait until bundle finished: /\n","timestamp":1780164511323}
[02:08:30.192] [PAI SDK] Received event: log {"content":"✅  编译成功 5/31/2026, 2:08:32 AM\n\n","timestamp":1780164512557}
[02:08:35.016] [Preview Server] Frontend disconnected, clients size = 2
[02:08:35.349] [Preview Server] Frontend connected, clients size = 2
[02:08:35.350] Sending cached status to new connection, lastStatusMessage = {"event":"status_change","message":{"url":"https://sd62opo6oqou1ckhsuo00.apigateway-cn-beijing.volceapi.com/?faasInstanceName=vefaas-f0vkicge-pyw70jixna-d8dgnho2op1mmqgb1al0-sandbox&hash=pai-preview-trae-908f3b3b","schema":"aipa://preview?type=pai&aipa_id=pai-preview-trae-908f3b3b&uuid=4b0fdcc3-6d14-4bba-bec7-c120dc9d95b0","status":"running","framework":"taro"}}
[02:09:37.512] File change detected. Updating...
[02:09:37.519] readProjectFiles, Found 92 files to read.
[02:09:37.571] Files read. Count: 92
[02:09:37.571] Calling pai.updateCloudDev...
[02:09:37.572] [PAI SDK] cloudServer.update called, appId: pai-preview-trae-908f3b3b
[02:09:38.293] [PAI SDK] Received event: reload {"url":"aipa://pai-preview-trae-908f3b3b.aipa-cloud.bytedance.net?type=pai","timestamp":1780164580659}
[02:09:38.293] [PAI SDK] CloudServer received reload event: {"url":"aipa://pai-preview-trae-908f3b3b.aipa-cloud.bytedance.net?type=pai","timestamp":1780164580659}
[02:09:38.293] [PAI SDK] reload, url = https://sd62opo6oqou1ckhsuo00.apigateway-cn-beijing.volceapi.com/?faasInstanceName=vefaas-f0vkicge-pyw70jixna-d8dgnho2op1mmqgb1al0-sandbox&hash=pai-preview-trae-908f3b3b
[02:09:38.294] [PAI SDK] cloudServer.update response: {
  "status": "running",
  "reload": false,
  "hash": "pai-preview-trae-908f3b3b"
}
[02:09:38.294] Update success (pai.updateCloudDev returned)
[02:09:38.355] [PAI SDK] Received event: log {"content":"<i> [webpack-dev-middleware] wait until bundle finished: /\n","timestamp":1780164580722}
[02:09:38.362] [PAI SDK] Received event: log {"content":"<i> [webpack-dev-middleware] wait until bundle finished: /\n","timestamp":1780164580729}
[02:09:39.929] [PAI SDK] Received event: log {"content":"✅  编译成功 5/31/2026, 2:09:42 AM\n\n","timestamp":1780164582296}
[02:09:53.265] File change detected. Updating...
[02:09:53.271] readProjectFiles, Found 92 files to read.
[02:09:53.314] Files read. Count: 92
[02:09:53.314] Calling pai.updateCloudDev...
[02:09:53.315] [PAI SDK] cloudServer.update called, appId: pai-preview-trae-908f3b3b
[02:09:54.062] [PAI SDK] Received event: reload {"url":"aipa://pai-preview-trae-908f3b3b.aipa-cloud.bytedance.net?type=pai","timestamp":1780164596429}
[02:09:54.063] [PAI SDK] CloudServer received reload event: {"url":"aipa://pai-preview-trae-908f3b3b.aipa-cloud.bytedance.net?type=pai","timestamp":1780164596429}
[02:09:54.063] [PAI SDK] reload, url = https://sd62opo6oqou1ckhsuo00.apigateway-cn-beijing.volceapi.com/?faasInstanceName=vefaas-f0vkicge-pyw70jixna-d8dgnho2op1mmqgb1al0-sandbox&hash=pai-preview-trae-908f3b3b
[02:09:54.063] [PAI SDK] cloudServer.update response: {
  "status": "running",
  "reload": false,
  "hash": "pai-preview-trae-908f3b3b"
}
[02:09:54.064] Update success (pai.updateCloudDev returned)
[02:09:54.123] [PAI SDK] Received event: log {"content":"<i> [webpack-dev-middleware] wait until bundle finished: /\n","timestamp":1780164596490}
[02:09:54.132] [PAI SDK] Received event: log {"content":"<i> [webpack-dev-middleware] wait until bundle finished: /\n","timestamp":1780164596499}
[02:09:55.894] [PAI SDK] Received event: log {"content":"✅  编译成功 5/31/2026, 2:09:58 AM\n\n","timestamp":1780164598261}
[02:10:47.391] File change detected. Updating...
[02:10:47.397] readProjectFiles, Found 92 files to read.
[02:10:47.420] Files read. Count: 92
[02:10:47.420] Calling pai.updateCloudDev...
[02:10:47.420] [PAI SDK] cloudServer.update called, appId: pai-preview-trae-908f3b3b
[02:10:48.101] [PAI SDK] Received event: reload {"url":"aipa://pai-preview-trae-908f3b3b.aipa-cloud.bytedance.net?type=pai","timestamp":1780164650468}
[02:10:48.101] [PAI SDK] CloudServer received reload event: {"url":"aipa://pai-preview-trae-908f3b3b.aipa-cloud.bytedance.net?type=pai","timestamp":1780164650468}
[02:10:48.101] [PAI SDK] reload, url = https://sd62opo6oqou1ckhsuo00.apigateway-cn-beijing.volceapi.com/?faasInstanceName=vefaas-f0vkicge-pyw70jixna-d8dgnho2op1mmqgb1al0-sandbox&hash=pai-preview-trae-908f3b3b
[02:10:48.102] [PAI SDK] cloudServer.update response: {
  "status": "running",
  "reload": false,
  "hash": "pai-preview-trae-908f3b3b"
}
[02:10:48.102] Update success (pai.updateCloudDev returned)
[02:10:48.160] [PAI SDK] Received event: log {"content":"<i> [webpack-dev-middleware] wait until bundle finished: /\n","timestamp":1780164650527}
[02:10:48.172] [PAI SDK] Received event: log {"content":"<i> [webpack-dev-middleware] wait until bundle finished: /\n","timestamp":1780164650540}
[02:10:49.554] [PAI SDK] Received event: log {"content":"✅  编译成功 5/31/2026, 2:10:51 AM\n\n","timestamp":1780164651921}
[02:12:49.700] File change detected. Updating...
[02:12:49.706] readProjectFiles, Found 92 files to read.
[02:12:49.750] Files read. Count: 92
[02:12:49.750] Calling pai.updateCloudDev...
[02:12:49.751] [PAI SDK] cloudServer.update called, appId: pai-preview-trae-908f3b3b
[02:12:50.535] [PAI SDK] Received event: reload {"url":"aipa://pai-preview-trae-908f3b3b.aipa-cloud.bytedance.net?type=pai","timestamp":1780164772903}
[02:12:50.535] [PAI SDK] CloudServer received reload event: {"url":"aipa://pai-preview-trae-908f3b3b.aipa-cloud.bytedance.net?type=pai","timestamp":1780164772903}
[02:12:50.535] [PAI SDK] reload, url = https://sd62opo6oqou1ckhsuo00.apigateway-cn-beijing.volceapi.com/?faasInstanceName=vefaas-f0vkicge-pyw70jixna-d8dgnho2op1mmqgb1al0-sandbox&hash=pai-preview-trae-908f3b3b
[02:12:50.536] [PAI SDK] cloudServer.update response: {
  "status": "running",
  "reload": false,
  "hash": "pai-preview-trae-908f3b3b"
}
[02:12:50.536] Update success (pai.updateCloudDev returned)
[02:12:50.597] [PAI SDK] Received event: log {"content":"<i> [webpack-dev-middleware] wait until bundle finished: /\n","timestamp":1780164772966}
[02:12:50.615] [PAI SDK] Received event: log {"content":"<i> [webpack-dev-middleware] wait until bundle finished: /\n","timestamp":1780164772984}
[02:12:54.810] [PAI SDK] Received event: log {"content":"✅  编译成功 5/31/2026, 2:12:57 AM\n\n","timestamp":1780164777178}
[02:13:05.370] File change detected. Updating...
[02:13:05.382] readProjectFiles, Found 92 files to read.
[02:13:05.425] Files read. Count: 92
[02:13:05.425] Calling pai.updateCloudDev...
[02:13:05.425] [PAI SDK] cloudServer.update called, appId: pai-preview-trae-908f3b3b
[02:13:06.158] [PAI SDK] Received event: reload {"url":"aipa://pai-preview-trae-908f3b3b.aipa-cloud.bytedance.net?type=pai","timestamp":1780164788523}
[02:13:06.158] [PAI SDK] CloudServer received reload event: {"url":"aipa://pai-preview-trae-908f3b3b.aipa-cloud.bytedance.net?type=pai","timestamp":1780164788523}
[02:13:06.158] [PAI SDK] reload, url = https://sd62opo6oqou1ckhsuo00.apigateway-cn-beijing.volceapi.com/?faasInstanceName=vefaas-f0vkicge-pyw70jixna-d8dgnho2op1mmqgb1al0-sandbox&hash=pai-preview-trae-908f3b3b
[02:13:06.159] [PAI SDK] cloudServer.update response: {
  "status": "running",
  "reload": false,
  "hash": "pai-preview-trae-908f3b3b"
}
[02:13:06.159] Update success (pai.updateCloudDev returned)
[02:13:06.224] [PAI SDK] Received event: log {"content":"<i> [webpack-dev-middleware] wait until bundle finished: /\n","timestamp":1780164788592}
[02:13:06.232] [PAI SDK] Received event: log {"content":"<i> [webpack-dev-middleware] wait until bundle finished: /\n","timestamp":1780164788601}
[02:13:10.316] [PAI SDK] Received event: log {"content":"✅  编译成功 5/31/2026, 2:13:12 AM\n\n","timestamp":1780164792679}
[02:13:20.049] [PAI SDK] Received event: log {"content":"Killed\n","timestamp":1780164802415}
[02:13:20.067] [PAI SDK] Received event: server_exit_abnormal {"content":"Cloud Server exited with code 137","timestamp":1780164802435}
[02:13:20.067] [PAI SDK] Server exited abnormally, cleaning up...
[02:13:22.823] [PAI SDK] createCloudSession response: {
  "code": 0,
  "msg": "success",
  "sandboxId": "vefaas-f0vkicge-pyw70jixna-d8dgnho2op1mmqgb1al0-sandbox",
  "endpoint": "https://sd62opo6oqou1ckhsuo00.apigateway-cn-beijing.volceapi.com"
}
[02:13:23.103] [PAI SDK] cloudServer.start called, appId: pai-preview-trae-908f3b3b
[02:13:44.985] [PAI SDK] createCloudSession response: {
  "code": 0,
  "msg": "success",
  "sandboxId": "vefaas-f0vkicge-pyw70jixna-d8dgnho2op1mmqgb1al0-sandbox",
  "endpoint": "https://sd62opo6oqou1ckhsuo00.apigateway-cn-beijing.volceapi.com"
}
[02:13:45.194] [PAI SDK] cloudServer.start called, appId: pai-preview-trae-908f3b3b
[02:15:01.985] [PAI SDK] Received event: log {"content":"\n> taro_template@1.0.0 dev:h5\n> npm run build:h5 -- --watch\n\n","timestamp":1780164904353}
[02:15:02.373] [PAI SDK] Received event: log {"content":"\n> taro_template@1.0.0 build:h5\n> taro build --type h5 --watch\n\n","timestamp":1780164904740}
[02:15:03.345] [PAI SDK] Received event: log {"content":"👽 Taro v4.1.9\n\n","timestamp":1780164905713}
[02:15:07.172] [PAI SDK] Received event: log {"content":"Tips:\n1. 建议开启持久化缓存功能，能有效提升二次编译速度，详情请参考: https://docs.taro.zone/docs/config-detail#cache。\n\n\n","timestamp":1780164909540}
[02:15:09.752] [PAI SDK] Received event: log {"content":"ℹ 预览端口 10086 被占用, 自动切换到空闲端口 10088\n","timestamp":1780164912120}
[02:15:11.441] [PAI SDK] Received event: log {"content":"- 即将开始启动编译，请稍等~\n","timestamp":1780164913809}
[02:15:19.936] [PAI SDK] Received event: log {"content":"\n> taro_template@1.0.0 dev:h5\n> npm run build:h5 -- --watch\n\n","timestamp":1780164922303}
[02:15:20.466] [PAI SDK] Received event: log {"content":"\n> taro_template@1.0.0 dev:h5\n> npm run build:h5 -- --watch\n\n","timestamp":1780164922833}
[02:15:20.490] [PAI SDK] Received event: log {"content":"\n> taro_template@1.0.0 build:h5\n> taro build --type h5 --watch\n\n","timestamp":1780164922858}
[02:15:21.375] [PAI SDK] Received event: log {"content":"\n> taro_template@1.0.0 build:h5\n> taro build --type h5 --watch\n\n","timestamp":1780164923741}
[02:15:22.377] [PAI SDK] Received event: log {"content":"👽 Taro v4.1.9\n\n","timestamp":1780164924745}
[02:15:22.936] [PAI SDK] Received event: log {"content":"👽 Taro v4.1.9\n\n","timestamp":1780164925303}
[02:15:26.344] [PAI SDK] Received event: log {"content":"Tips:\n1. 建议开启持久化缓存功能，能有效提升二次编译速度，详情请参考: https://docs.taro.zone/docs/config-detail#cache。\n\n\n","timestamp":1780164928712}
[02:15:27.001] [PAI SDK] Received event: log {"content":"Tips:\n1. 建议开启持久化缓存功能，能有效提升二次编译速度，详情请参考: https://docs.taro.zone/docs/config-detail#cache。\n\n\n","timestamp":1780164929369}
[02:15:29.998] [PAI SDK] Received event: log {"content":"ℹ 预览端口 10086 被占用, 自动切换到空闲端口 10089\n","timestamp":1780164932367}
[02:15:30.351] [PAI SDK] Received event: log {"content":"ℹ 预览端口 10086 被占用, 自动切换到空闲端口 10089\n","timestamp":1780164932718}
[02:15:31.710] [PAI SDK] Received event: log {"content":"- 即将开始启动编译，请稍等~\n","timestamp":1780164934078}
[02:15:31.971] [PAI SDK] Received event: compile_error [{"filename":"","lineNumber":0,"description":"[stderr： ]\n\n/node_modules/.pnpm/webpack-dev-server@4.15.2_bufferutil@4.1.0_webpack@5.78.0_@swc+core@1.3.96_postcss@8.5.15_/node_modules/webpack-dev-server/lib/Server.js:2557\n        throw error;\n        ^\n\nError: listen EADDRINUSE: address already in use 0.0.0.0:10089","timestamp":1780164934337}]
[02:15:31.975] [PAI SDK] Received event: log {"content":"\nNode.js v22.18.0\n","timestamp":1780164934343}
[02:15:32.065] [PAI SDK] Received event: server_exit_abnormal {"content":"Cloud Server exited with code 1","timestamp":1780164934433}
[02:15:32.065] [PAI SDK] Server exited abnormally, cleaning up...
[02:15:32.068] [PAI SDK] cloudServer.start response: {
  "status": "error",
  "msg": "Cloud Server exited with code 1",
  "hash": "pai-preview-trae-908f3b3b"
}
[02:15:50.792] [PAI SDK] createCloudSession response: {
  "code": 0,
  "msg": "success",
  "sandboxId": "vefaas-f0vkicge-pyw70jixna-d8dgnho2op1mmqgb1al0-sandbox",
  "endpoint": "https://sd62opo6oqou1ckhsuo00.apigateway-cn-beijing.volceapi.com"
}
[02:15:51.080] [PAI SDK] cloudServer.start called, appId: pai-preview-trae-908f3b3b
[02:15:56.804] [PAI SDK] Received event: log {"content":"✅  编译成功 5/31/2026, 2:15:59 AM\n\n","timestamp":1780164959173}
[02:15:56.913] [PAI SDK] Received event: log {"content":"\nℹ️  Listening at http://9.97.225.237:10088/\n\n监听文件修改中...\n\n","timestamp":1780164959282}
[02:16:04.807] [PAI SDK] Received event: log {"content":"✅  编译成功 5/31/2026, 2:16:07 AM\n\n","timestamp":1780164967176}
[02:17:08.095] [PAI SDK] Received event: log {"content":"\n> taro_template@1.0.0 dev:h5\n> npm run build:h5 -- --watch\n\n","timestamp":1780165030463}
[02:17:08.496] [PAI SDK] Received event: log {"content":"\n> taro_template@1.0.0 build:h5\n> taro build --type h5 --watch\n\n","timestamp":1780165030864}
[02:17:09.393] [PAI SDK] Received event: log {"content":"👽 Taro v4.1.9\n\n","timestamp":1780165031762}
[02:17:09.413] [PAI SDK] Received event: log {"content":"\n> taro_template@1.0.0 dev:h5\n> npm run build:h5 -- --watch\n\n","timestamp":1780165031782}
[02:17:09.738] [PAI SDK] Received event: log {"content":"\n> taro_template@1.0.0 build:h5\n> taro build --type h5 --watch\n\n","timestamp":1780165032106}
[02:17:10.554] [PAI SDK] Received event: log {"content":"👽 Taro v4.1.9\n\n","timestamp":1780165032923}
[02:17:12.834] [PAI SDK] Received event: log {"content":"Tips:\n1. 建议开启持久化缓存功能，能有效提升二次编译速度，详情请参考: https://docs.taro.zone/docs/config-detail#cache。\n\n\n","timestamp":1780165035203}
[02:17:13.004] [PAI SDK] Received event: log {"content":"Tips:\n1. 建议开启持久化缓存功能，能有效提升二次编译速度，详情请参考: https://docs.taro.zone/docs/config-detail#cache。\n\n\n","timestamp":1780165035373}
[02:17:14.651] [PAI SDK] Received event: log {"content":"ℹ 预览端口 10086 被占用, 自动切换到空闲端口 10090\n","timestamp":1780165037020}
[02:17:15.078] [PAI SDK] Received event: log {"content":"ℹ 预览端口 10086 被占用, 自动切换到空闲端口 10090\n","timestamp":1780165037447}
[02:17:15.834] [PAI SDK] Received event: log {"content":"- 即将开始启动编译，请稍等~\n","timestamp":1780165038203}
[02:17:16.210] [PAI SDK] Received event: compile_error [{"filename":"","lineNumber":0,"description":"[stderr： ]\n\n/node_modules/.pnpm/webpack-dev-server@4.15.2_bufferutil@4.1.0_webpack@5.78.0_@swc+core@1.3.96_postcss@8.5.15_/node_modules/webpack-dev-server/lib/Server.js:2557\n        throw error;\n        ^\n\nError: listen EADDRINUSE: address already in use 0.0.0.0:10090","timestamp":1780165038578}]
[02:17:16.270] [PAI SDK] Received event: server_exit_abnormal {"content":"Cloud Server exited with code 1","timestamp":1780165038638}
[02:17:16.271] [PAI SDK] Server exited abnormally, cleaning up...
[02:17:16.273] [PAI SDK] cloudServer.start response: {
  "status": "error",
  "msg": "Cloud Server exited with code 1",
  "hash": "pai-preview-trae-908f3b3b"
}
[02:18:31.086] [PAI SDK] createCloudSession response: {
  "code": 0,
  "msg": "success",
  "sandboxId": "vefaas-f0vkicge-pyw70jixna-d8dgnho2op1mmqgb1al0-sandbox",
  "endpoint": "https://sd62opo6oqou1ckhsuo00.apigateway-cn-beijing.volceapi.com"
}
[02:18:31.330] [PAI SDK] cloudServer.start called, appId: pai-preview-trae-908f3b3b
[02:18:32.107] [PAI SDK] cloudServer.start response: {
  "status": "running",
  "msg": "Cloud Server is running",
  "hash": "pai-preview-trae-908f3b3b"
}
[02:18:32.804] [PAI SDK] cloudServer.start response: {
  "status": "running",
  "msg": "Cloud Server is running",
  "hash": "pai-preview-trae-908f3b3b"
}
[02:20:22.586] File change detected. Updating...
[02:20:22.594] readProjectFiles, Found 92 files to read.
[02:20:22.623] Files read. Count: 92
[02:20:22.623] Calling pai.updateCloudDev...
[02:20:22.623] [PAI SDK] cloudServer.update called, appId: pai-preview-trae-908f3b3b
[02:20:23.211] [PAI SDK] Received event: reload {"url":"aipa://pai-preview-trae-908f3b3b.aipa-cloud.bytedance.net?type=pai","timestamp":1780165225581}
[02:20:23.212] [PAI SDK] CloudServer received reload event: {"url":"aipa://pai-preview-trae-908f3b3b.aipa-cloud.bytedance.net?type=pai","timestamp":1780165225581}
[02:20:23.212] [PAI SDK] reload, url = https://sd62opo6oqou1ckhsuo00.apigateway-cn-beijing.volceapi.com/?faasInstanceName=vefaas-f0vkicge-pyw70jixna-d8dgnho2op1mmqgb1al0-sandbox&hash=pai-preview-trae-908f3b3b
[02:20:23.232] [PAI SDK] cloudServer.update response: {
  "status": "running",
  "reload": false,
  "hash": "pai-preview-trae-908f3b3b"
}
[02:20:23.232] Update success (pai.updateCloudDev returned)
[02:20:35.791] File change detected. Updating...
[02:20:35.798] readProjectFiles, Found 92 files to read.
[02:20:35.822] Files read. Count: 92
[02:20:35.822] Calling pai.updateCloudDev...
[02:20:35.822] [PAI SDK] cloudServer.update called, appId: pai-preview-trae-908f3b3b
[02:20:36.673] [PAI SDK] Received event: reload {"url":"aipa://pai-preview-trae-908f3b3b.aipa-cloud.bytedance.net?type=pai","timestamp":1780165239044}
[02:20:36.673] [PAI SDK] CloudServer received reload event: {"url":"aipa://pai-preview-trae-908f3b3b.aipa-cloud.bytedance.net?type=pai","timestamp":1780165239044}
[02:20:36.673] [PAI SDK] reload, url = https://sd62opo6oqou1ckhsuo00.apigateway-cn-beijing.volceapi.com/?faasInstanceName=vefaas-f0vkicge-pyw70jixna-d8dgnho2op1mmqgb1al0-sandbox&hash=pai-preview-trae-908f3b3b
[02:20:36.673] [PAI SDK] cloudServer.update response: {
  "status": "running",
  "reload": false,
  "hash": "pai-preview-trae-908f3b3b"
}
[02:20:36.674] Update success (pai.updateCloudDev returned)
[02:26:22.296] File change detected. Updating...
[02:26:22.304] readProjectFiles, Found 94 files to read.
[02:26:22.339] Files read. Count: 94
[02:26:22.339] Calling pai.updateCloudDev...
[02:26:22.340] [PAI SDK] cloudServer.update called, appId: pai-preview-trae-908f3b3b
[02:26:22.932] [PAI SDK] Received event: reload {"url":"aipa://pai-preview-trae-908f3b3b.aipa-cloud.bytedance.net?type=pai","timestamp":1780165585306}
[02:26:22.933] [PAI SDK] CloudServer received reload event: {"url":"aipa://pai-preview-trae-908f3b3b.aipa-cloud.bytedance.net?type=pai","timestamp":1780165585306}
[02:26:22.933] [PAI SDK] reload, url = https://sd62opo6oqou1ckhsuo00.apigateway-cn-beijing.volceapi.com/?faasInstanceName=vefaas-f0vkicge-pyw70jixna-d8dgnho2op1mmqgb1al0-sandbox&hash=pai-preview-trae-908f3b3b
[02:26:22.934] [PAI SDK] cloudServer.update response: {
  "status": "running",
  "reload": false,
  "hash": "pai-preview-trae-908f3b3b"
}
[02:26:22.934] Update success (pai.updateCloudDev returned)
[02:26:57.362] File change detected. Updating...
[02:26:57.370] readProjectFiles, Found 95 files to read.
[02:26:57.413] Files read. Count: 95
[02:26:57.413] Calling pai.updateCloudDev...
[02:26:57.413] [PAI SDK] cloudServer.update called, appId: pai-preview-trae-908f3b3b
[02:26:58.062] [PAI SDK] Received event: reload {"url":"aipa://pai-preview-trae-908f3b3b.aipa-cloud.bytedance.net?type=pai","timestamp":1780165620437}
[02:26:58.063] [PAI SDK] CloudServer received reload event: {"url":"aipa://pai-preview-trae-908f3b3b.aipa-cloud.bytedance.net?type=pai","timestamp":1780165620437}
[02:26:58.063] [PAI SDK] reload, url = https://sd62opo6oqou1ckhsuo00.apigateway-cn-beijing.volceapi.com/?faasInstanceName=vefaas-f0vkicge-pyw70jixna-d8dgnho2op1mmqgb1al0-sandbox&hash=pai-preview-trae-908f3b3b
[02:26:58.063] [PAI SDK] cloudServer.update response: {
  "status": "running",
  "reload": false,
  "hash": "pai-preview-trae-908f3b3b"
}
[02:26:58.063] Update success (pai.updateCloudDev returned)
[02:27:01.070] File change detected. Updating...
[02:27:01.076] readProjectFiles, Found 95 files to read.
[02:27:01.117] Files read. Count: 95
[02:27:01.117] Calling pai.updateCloudDev...
[02:27:01.117] [PAI SDK] cloudServer.update called, appId: pai-preview-trae-908f3b3b
[02:27:01.781] [PAI SDK] Received event: reload {"url":"aipa://pai-preview-trae-908f3b3b.aipa-cloud.bytedance.net?type=pai","timestamp":1780165624149}
[02:27:01.781] [PAI SDK] CloudServer received reload event: {"url":"aipa://pai-preview-trae-908f3b3b.aipa-cloud.bytedance.net?type=pai","timestamp":1780165624149}
[02:27:01.781] [PAI SDK] reload, url = https://sd62opo6oqou1ckhsuo00.apigateway-cn-beijing.volceapi.com/?faasInstanceName=vefaas-f0vkicge-pyw70jixna-d8dgnho2op1mmqgb1al0-sandbox&hash=pai-preview-trae-908f3b3b
[02:27:01.781] [PAI SDK] cloudServer.update response: {
  "status": "running",
  "reload": false,
  "hash": "pai-preview-trae-908f3b3b"
}
[02:27:01.781] Update success (pai.updateCloudDev returned)
[02:27:11.692] File change detected. Updating...
[02:27:11.700] readProjectFiles, Found 95 files to read.
[02:27:11.761] Files read. Count: 95
[02:27:11.761] Calling pai.updateCloudDev...
[02:27:11.762] [PAI SDK] cloudServer.update called, appId: pai-preview-trae-908f3b3b
[02:27:12.429] [PAI SDK] Received event: reload {"url":"aipa://pai-preview-trae-908f3b3b.aipa-cloud.bytedance.net?type=pai","timestamp":1780165634804}
[02:27:12.430] [PAI SDK] CloudServer received reload event: {"url":"aipa://pai-preview-trae-908f3b3b.aipa-cloud.bytedance.net?type=pai","timestamp":1780165634804}
[02:27:12.430] [PAI SDK] reload, url = https://sd62opo6oqou1ckhsuo00.apigateway-cn-beijing.volceapi.com/?faasInstanceName=vefaas-f0vkicge-pyw70jixna-d8dgnho2op1mmqgb1al0-sandbox&hash=pai-preview-trae-908f3b3b
[02:27:12.430] [PAI SDK] cloudServer.update response: {
  "status": "running",
  "reload": false,
  "hash": "pai-preview-trae-908f3b3b"
}
[02:27:12.430] Update success (pai.updateCloudDev returned)
[02:27:15.189] File change detected. Updating...
[02:27:15.194] readProjectFiles, Found 95 files to read.
[02:27:15.228] Files read. Count: 95
[02:27:15.228] Calling pai.updateCloudDev...
[02:27:15.229] [PAI SDK] cloudServer.update called, appId: pai-preview-trae-908f3b3b
[02:27:15.952] [PAI SDK] Received event: reload {"url":"aipa://pai-preview-trae-908f3b3b.aipa-cloud.bytedance.net?type=pai","timestamp":1780165638327}
[02:27:15.952] [PAI SDK] CloudServer received reload event: {"url":"aipa://pai-preview-trae-908f3b3b.aipa-cloud.bytedance.net?type=pai","timestamp":1780165638327}
[02:27:15.952] [PAI SDK] reload, url = https://sd62opo6oqou1ckhsuo00.apigateway-cn-beijing.volceapi.com/?faasInstanceName=vefaas-f0vkicge-pyw70jixna-d8dgnho2op1mmqgb1al0-sandbox&hash=pai-preview-trae-908f3b3b
[02:27:15.952] [PAI SDK] cloudServer.update response: {
  "status": "running",
  "reload": false,
  "hash": "pai-preview-trae-908f3b3b"
}
[02:27:15.952] Update success (pai.updateCloudDev returned)
[02:30:41.966] File change detected. Updating...
[02:30:41.972] readProjectFiles, Found 96 files to read.
[02:30:42.082] Files read. Count: 96
[02:30:42.082] Calling pai.updateCloudDev...
[02:30:42.083] [PAI SDK] cloudServer.update called, appId: pai-preview-trae-908f3b3b
[02:30:42.781] [PAI SDK] Received event: reload {"url":"aipa://pai-preview-trae-908f3b3b.aipa-cloud.bytedance.net?type=pai","timestamp":1780165845158}
[02:30:42.782] [PAI SDK] CloudServer received reload event: {"url":"aipa://pai-preview-trae-908f3b3b.aipa-cloud.bytedance.net?type=pai","timestamp":1780165845158}
[02:30:42.782] [PAI SDK] reload, url = https://sd62opo6oqou1ckhsuo00.apigateway-cn-beijing.volceapi.com/?faasInstanceName=vefaas-f0vkicge-pyw70jixna-d8dgnho2op1mmqgb1al0-sandbox&hash=pai-preview-trae-908f3b3b
[02:30:42.782] [PAI SDK] cloudServer.update response: {
  "status": "running",
  "reload": false,
  "hash": "pai-preview-trae-908f3b3b"
}
[02:30:42.782] Update success (pai.updateCloudDev returned)
[02:30:45.981] File change detected. Updating...
[02:30:45.989] readProjectFiles, Found 96 files to read.
[02:30:46.043] Files read. Count: 96
[02:30:46.043] Calling pai.updateCloudDev...
[02:30:46.043] [PAI SDK] cloudServer.update called, appId: pai-preview-trae-908f3b3b
[02:30:46.784] [PAI SDK] Received event: reload {"url":"aipa://pai-preview-trae-908f3b3b.aipa-cloud.bytedance.net?type=pai","timestamp":1780165849158}
[02:30:46.785] [PAI SDK] CloudServer received reload event: {"url":"aipa://pai-preview-trae-908f3b3b.aipa-cloud.bytedance.net?type=pai","timestamp":1780165849158}
[02:30:46.785] [PAI SDK] reload, url = https://sd62opo6oqou1ckhsuo00.apigateway-cn-beijing.volceapi.com/?faasInstanceName=vefaas-f0vkicge-pyw70jixna-d8dgnho2op1mmqgb1al0-sandbox&hash=pai-preview-trae-908f3b3b
[02:30:46.785] [PAI SDK] cloudServer.update response: {
  "status": "running",
  "reload": false,
  "hash": "pai-preview-trae-908f3b3b"
}
[02:30:46.785] Update success (pai.updateCloudDev returned)
[02:30:50.849] File change detected. Updating...
[02:30:50.855] readProjectFiles, Found 96 files to read.
[02:30:50.911] Files read. Count: 96
[02:30:50.911] Calling pai.updateCloudDev...
[02:30:50.911] [PAI SDK] cloudServer.update called, appId: pai-preview-trae-908f3b3b
[02:30:51.800] [PAI SDK] Received event: reload {"url":"aipa://pai-preview-trae-908f3b3b.aipa-cloud.bytedance.net?type=pai","timestamp":1780165854177}
[02:30:51.800] [PAI SDK] CloudServer received reload event: {"url":"aipa://pai-preview-trae-908f3b3b.aipa-cloud.bytedance.net?type=pai","timestamp":1780165854177}
[02:30:51.800] [PAI SDK] reload, url = https://sd62opo6oqou1ckhsuo00.apigateway-cn-beijing.volceapi.com/?faasInstanceName=vefaas-f0vkicge-pyw70jixna-d8dgnho2op1mmqgb1al0-sandbox&hash=pai-preview-trae-908f3b3b
[02:30:51.800] [PAI SDK] cloudServer.update response: {
  "status": "running",
  "reload": false,
  "hash": "pai-preview-trae-908f3b3b"
}
[02:30:51.800] Update success (pai.updateCloudDev returned)
[02:30:57.360] File change detected. Updating...
[02:30:57.368] readProjectFiles, Found 96 files to read.
[02:30:57.418] Files read. Count: 96
[02:30:57.419] Calling pai.updateCloudDev...
[02:30:57.419] [PAI SDK] cloudServer.update called, appId: pai-preview-trae-908f3b3b
[02:30:57.963] [PAI SDK] Received event: reload {"url":"aipa://pai-preview-trae-908f3b3b.aipa-cloud.bytedance.net?type=pai","timestamp":1780165860339}
[02:30:57.963] [PAI SDK] CloudServer received reload event: {"url":"aipa://pai-preview-trae-908f3b3b.aipa-cloud.bytedance.net?type=pai","timestamp":1780165860339}
[02:30:57.963] [PAI SDK] reload, url = https://sd62opo6oqou1ckhsuo00.apigateway-cn-beijing.volceapi.com/?faasInstanceName=vefaas-f0vkicge-pyw70jixna-d8dgnho2op1mmqgb1al0-sandbox&hash=pai-preview-trae-908f3b3b
[02:30:57.963] [PAI SDK] cloudServer.update response: {
  "status": "running",
  "reload": false,
  "hash": "pai-preview-trae-908f3b3b"
}
[02:30:57.964] Update success (pai.updateCloudDev returned)
[02:34:13.403] File change detected. Updating...
[02:34:13.411] readProjectFiles, Found 98 files to read.
[02:34:13.446] Files read. Count: 98
[02:34:13.446] Calling pai.updateCloudDev...
[02:34:13.446] [PAI SDK] cloudServer.update called, appId: pai-preview-trae-908f3b3b
[02:34:14.053] [PAI SDK] Received event: reload {"url":"aipa://pai-preview-trae-908f3b3b.aipa-cloud.bytedance.net?type=pai","timestamp":1780166056432}
[02:34:14.053] [PAI SDK] CloudServer received reload event: {"url":"aipa://pai-preview-trae-908f3b3b.aipa-cloud.bytedance.net?type=pai","timestamp":1780166056432}
[02:34:14.053] [PAI SDK] reload, url = https://sd62opo6oqou1ckhsuo00.apigateway-cn-beijing.volceapi.com/?faasInstanceName=vefaas-f0vkicge-pyw70jixna-d8dgnho2op1mmqgb1al0-sandbox&hash=pai-preview-trae-908f3b3b
[02:34:14.053] [PAI SDK] cloudServer.update response: {
  "status": "running",
  "reload": false,
  "hash": "pai-preview-trae-908f3b3b"
}
[02:34:14.053] Update success (pai.updateCloudDev returned)
[02:34:33.564] File change detected. Updating...
[02:34:33.572] readProjectFiles, Found 100 files to read.
[02:34:33.604] Files read. Count: 100
[02:34:33.604] Calling pai.updateCloudDev...
[02:34:33.605] [PAI SDK] cloudServer.update called, appId: pai-preview-trae-908f3b3b
[02:34:34.141] [PAI SDK] Received event: reload {"url":"aipa://pai-preview-trae-908f3b3b.aipa-cloud.bytedance.net?type=pai","timestamp":1780166076520}
[02:34:34.141] [PAI SDK] CloudServer received reload event: {"url":"aipa://pai-preview-trae-908f3b3b.aipa-cloud.bytedance.net?type=pai","timestamp":1780166076520}
[02:34:34.141] [PAI SDK] reload, url = https://sd62opo6oqou1ckhsuo00.apigateway-cn-beijing.volceapi.com/?faasInstanceName=vefaas-f0vkicge-pyw70jixna-d8dgnho2op1mmqgb1al0-sandbox&hash=pai-preview-trae-908f3b3b
[02:34:34.142] [PAI SDK] cloudServer.update response: {
  "status": "running",
  "reload": false,
  "hash": "pai-preview-trae-908f3b3b"
}
[02:34:34.142] Update success (pai.updateCloudDev returned)
[02:34:38.785] File change detected. Updating...
[02:34:38.790] readProjectFiles, Found 99 files to read.
[02:34:38.819] Files read. Count: 99
[02:34:38.819] Calling pai.updateCloudDev...
[02:34:38.819] [PAI SDK] cloudServer.update called, appId: pai-preview-trae-908f3b3b
[02:34:39.523] [PAI SDK] Received event: reload {"url":"aipa://pai-preview-trae-908f3b3b.aipa-cloud.bytedance.net?type=pai","timestamp":1780166081893}
[02:34:39.523] [PAI SDK] CloudServer received reload event: {"url":"aipa://pai-preview-trae-908f3b3b.aipa-cloud.bytedance.net?type=pai","timestamp":1780166081893}
[02:34:39.523] [PAI SDK] reload, url = https://sd62opo6oqou1ckhsuo00.apigateway-cn-beijing.volceapi.com/?faasInstanceName=vefaas-f0vkicge-pyw70jixna-d8dgnho2op1mmqgb1al0-sandbox&hash=pai-preview-trae-908f3b3b
[02:34:39.523] [PAI SDK] cloudServer.update response: {
  "status": "running",
  "reload": false,
  "hash": "pai-preview-trae-908f3b3b"
}
[02:34:39.524] Update success (pai.updateCloudDev returned)
[02:34:45.902] File change detected. Updating...
[02:34:45.910] readProjectFiles, Found 99 files to read.
[02:34:45.962] Files read. Count: 99
[02:34:45.962] Calling pai.updateCloudDev...
[02:34:45.963] [PAI SDK] cloudServer.update called, appId: pai-preview-trae-908f3b3b
[02:34:46.779] [PAI SDK] Received event: reload {"url":"aipa://pai-preview-trae-908f3b3b.aipa-cloud.bytedance.net?type=pai","timestamp":1780166089158}
[02:34:46.779] [PAI SDK] CloudServer received reload event: {"url":"aipa://pai-preview-trae-908f3b3b.aipa-cloud.bytedance.net?type=pai","timestamp":1780166089158}
[02:34:46.779] [PAI SDK] reload, url = https://sd62opo6oqou1ckhsuo00.apigateway-cn-beijing.volceapi.com/?faasInstanceName=vefaas-f0vkicge-pyw70jixna-d8dgnho2op1mmqgb1al0-sandbox&hash=pai-preview-trae-908f3b3b
[02:34:46.780] [PAI SDK] cloudServer.update response: {
  "status": "running",
  "reload": false,
  "hash": "pai-preview-trae-908f3b3b"
}
[02:34:46.780] Update success (pai.updateCloudDev returned)
[02:34:48.865] File change detected. Updating...
[02:34:48.872] readProjectFiles, Found 99 files to read.
[02:34:48.918] Files read. Count: 99
[02:34:48.918] Calling pai.updateCloudDev...
[02:34:48.918] [PAI SDK] cloudServer.update called, appId: pai-preview-trae-908f3b3b
[02:34:49.713] [PAI SDK] Received event: reload {"url":"aipa://pai-preview-trae-908f3b3b.aipa-cloud.bytedance.net?type=pai","timestamp":1780166092092}
[02:34:49.713] [PAI SDK] CloudServer received reload event: {"url":"aipa://pai-preview-trae-908f3b3b.aipa-cloud.bytedance.net?type=pai","timestamp":1780166092092}
[02:34:49.713] [PAI SDK] reload, url = https://sd62opo6oqou1ckhsuo00.apigateway-cn-beijing.volceapi.com/?faasInstanceName=vefaas-f0vkicge-pyw70jixna-d8dgnho2op1mmqgb1al0-sandbox&hash=pai-preview-trae-908f3b3b
[02:34:49.713] [PAI SDK] cloudServer.update response: {
  "status": "running",
  "reload": false,
  "hash": "pai-preview-trae-908f3b3b"
}
[02:34:49.713] Update success (pai.updateCloudDev returned)
[02:34:53.184] File change detected. Updating...
[02:34:53.193] readProjectFiles, Found 99 files to read.
[02:34:53.224] Files read. Count: 99
[02:34:53.225] Calling pai.updateCloudDev...
[02:34:53.225] [PAI SDK] cloudServer.update called, appId: pai-preview-trae-908f3b3b
[02:34:53.751] [PAI SDK] Received event: reload {"url":"aipa://pai-preview-trae-908f3b3b.aipa-cloud.bytedance.net?type=pai","timestamp":1780166096130}
[02:34:53.751] [PAI SDK] CloudServer received reload event: {"url":"aipa://pai-preview-trae-908f3b3b.aipa-cloud.bytedance.net?type=pai","timestamp":1780166096130}
[02:34:53.751] [PAI SDK] reload, url = https://sd62opo6oqou1ckhsuo00.apigateway-cn-beijing.volceapi.com/?faasInstanceName=vefaas-f0vkicge-pyw70jixna-d8dgnho2op1mmqgb1al0-sandbox&hash=pai-preview-trae-908f3b3b
[02:34:53.751] [PAI SDK] cloudServer.update response: {
  "status": "running",
  "reload": false,
  "hash": "pai-preview-trae-908f3b3b"
}
[02:34:53.751] Update success (pai.updateCloudDev returned)
[02:34:57.668] File change detected. Updating...
[02:34:57.674] readProjectFiles, Found 99 files to read.
[02:34:57.705] Files read. Count: 99
[02:34:57.706] Calling pai.updateCloudDev...
[02:34:57.706] [PAI SDK] cloudServer.update called, appId: pai-preview-trae-908f3b3b
[02:34:58.313] [PAI SDK] Received event: reload {"url":"aipa://pai-preview-trae-908f3b3b.aipa-cloud.bytedance.net?type=pai","timestamp":1780166100692}
[02:34:58.314] [PAI SDK] CloudServer received reload event: {"url":"aipa://pai-preview-trae-908f3b3b.aipa-cloud.bytedance.net?type=pai","timestamp":1780166100692}
[02:34:58.314] [PAI SDK] reload, url = https://sd62opo6oqou1ckhsuo00.apigateway-cn-beijing.volceapi.com/?faasInstanceName=vefaas-f0vkicge-pyw70jixna-d8dgnho2op1mmqgb1al0-sandbox&hash=pai-preview-trae-908f3b3b
[02:34:58.315] [PAI SDK] cloudServer.update response: {
  "status": "running",
  "reload": false,
  "hash": "pai-preview-trae-908f3b3b"
}
[02:34:58.316] Update success (pai.updateCloudDev returned)
[02:38:25.974] File change detected. Updating...
[02:38:25.985] readProjectFiles, Found 102 files to read.
[02:38:26.031] Files read. Count: 102
[02:38:26.032] Calling pai.updateCloudDev...
[02:38:26.032] [PAI SDK] cloudServer.update called, appId: pai-preview-trae-908f3b3b
[02:38:26.758] [PAI SDK] Received event: reload {"url":"aipa://pai-preview-trae-908f3b3b.aipa-cloud.bytedance.net?type=pai","timestamp":1780166309140}
[02:38:26.758] [PAI SDK] CloudServer received reload event: {"url":"aipa://pai-preview-trae-908f3b3b.aipa-cloud.bytedance.net?type=pai","timestamp":1780166309140}
[02:38:26.759] [PAI SDK] reload, url = https://sd62opo6oqou1ckhsuo00.apigateway-cn-beijing.volceapi.com/?faasInstanceName=vefaas-f0vkicge-pyw70jixna-d8dgnho2op1mmqgb1al0-sandbox&hash=pai-preview-trae-908f3b3b
[02:38:26.759] [PAI SDK] cloudServer.update response: {
  "status": "running",
  "reload": false,
  "hash": "pai-preview-trae-908f3b3b"
}
[02:38:26.759] Update success (pai.updateCloudDev returned)
[02:38:29.757] File change detected. Updating...
[02:38:29.767] readProjectFiles, Found 102 files to read.
[02:38:29.829] Files read. Count: 102
[02:38:29.829] Calling pai.updateCloudDev...
[02:38:29.830] [PAI SDK] cloudServer.update called, appId: pai-preview-trae-908f3b3b
[02:38:30.542] [PAI SDK] Received event: reload {"url":"aipa://pai-preview-trae-908f3b3b.aipa-cloud.bytedance.net?type=pai","timestamp":1780166312923}
[02:38:30.542] [PAI SDK] CloudServer received reload event: {"url":"aipa://pai-preview-trae-908f3b3b.aipa-cloud.bytedance.net?type=pai","timestamp":1780166312923}
[02:38:30.542] [PAI SDK] reload, url = https://sd62opo6oqou1ckhsuo00.apigateway-cn-beijing.volceapi.com/?faasInstanceName=vefaas-f0vkicge-pyw70jixna-d8dgnho2op1mmqgb1al0-sandbox&hash=pai-preview-trae-908f3b3b
[02:38:30.542] [PAI SDK] cloudServer.update response: {
  "status": "running",
  "reload": false,
  "hash": "pai-preview-trae-908f3b3b"
}
[02:38:30.543] Update success (pai.updateCloudDev returned)
[02:38:32.849] File change detected. Updating...
[02:38:32.857] readProjectFiles, Found 102 files to read.
[02:38:32.910] Files read. Count: 102
[02:38:32.910] Calling pai.updateCloudDev...
[02:38:32.911] [PAI SDK] cloudServer.update called, appId: pai-preview-trae-908f3b3b
[02:38:33.737] [PAI SDK] Received event: reload {"url":"aipa://pai-preview-trae-908f3b3b.aipa-cloud.bytedance.net?type=pai","timestamp":1780166316118}
[02:38:33.737] [PAI SDK] CloudServer received reload event: {"url":"aipa://pai-preview-trae-908f3b3b.aipa-cloud.bytedance.net?type=pai","timestamp":1780166316118}
[02:38:33.737] [PAI SDK] reload, url = https://sd62opo6oqou1ckhsuo00.apigateway-cn-beijing.volceapi.com/?faasInstanceName=vefaas-f0vkicge-pyw70jixna-d8dgnho2op1mmqgb1al0-sandbox&hash=pai-preview-trae-908f3b3b
[02:38:33.737] [PAI SDK] cloudServer.update response: {
  "status": "running",
  "reload": false,
  "hash": "pai-preview-trae-908f3b3b"
}
[02:38:33.737] Update success (pai.updateCloudDev returned)
[02:38:35.954] File change detected. Updating...
[02:38:35.961] readProjectFiles, Found 102 files to read.
[02:38:36.023] Files read. Count: 102
[02:38:36.024] Calling pai.updateCloudDev...
[02:38:36.024] [PAI SDK] cloudServer.update called, appId: pai-preview-trae-908f3b3b
[02:38:36.756] [PAI SDK] Received event: reload {"url":"aipa://pai-preview-trae-908f3b3b.aipa-cloud.bytedance.net?type=pai","timestamp":1780166319137}
[02:38:36.756] [PAI SDK] CloudServer received reload event: {"url":"aipa://pai-preview-trae-908f3b3b.aipa-cloud.bytedance.net?type=pai","timestamp":1780166319137}
[02:38:36.756] [PAI SDK] reload, url = https://sd62opo6oqou1ckhsuo00.apigateway-cn-beijing.volceapi.com/?faasInstanceName=vefaas-f0vkicge-pyw70jixna-d8dgnho2op1mmqgb1al0-sandbox&hash=pai-preview-trae-908f3b3b
[02:38:36.757] [PAI SDK] cloudServer.update response: {
  "status": "running",
  "reload": false,
  "hash": "pai-preview-trae-908f3b3b"
}
[02:38:36.758] Update success (pai.updateCloudDev returned)
[02:38:56.765] File change detected. Updating...
[02:38:56.775] readProjectFiles, Found 103 files to read.
[02:38:56.824] Files read. Count: 103
[02:38:56.824] Calling pai.updateCloudDev...
[02:38:56.825] [PAI SDK] cloudServer.update called, appId: pai-preview-trae-908f3b3b
[02:38:57.551] [PAI SDK] Received event: reload {"url":"aipa://pai-preview-trae-908f3b3b.aipa-cloud.bytedance.net?type=pai","timestamp":1780166339933}
[02:38:57.551] [PAI SDK] CloudServer received reload event: {"url":"aipa://pai-preview-trae-908f3b3b.aipa-cloud.bytedance.net?type=pai","timestamp":1780166339933}
[02:38:57.551] [PAI SDK] reload, url = https://sd62opo6oqou1ckhsuo00.apigateway-cn-beijing.volceapi.com/?faasInstanceName=vefaas-f0vkicge-pyw70jixna-d8dgnho2op1mmqgb1al0-sandbox&hash=pai-preview-trae-908f3b3b
[02:38:57.551] [PAI SDK] cloudServer.update response: {
  "status": "running",
  "reload": false,
  "hash": "pai-preview-trae-908f3b3b"
}
[02:38:57.551] Update success (pai.updateCloudDev returned)
[02:46:19.441] File change detected. Updating...
[02:46:19.448] readProjectFiles, Found 105 files to read.
[02:46:19.473] Files read. Count: 105
[02:46:19.473] Calling pai.updateCloudDev...
[02:46:19.473] [PAI SDK] cloudServer.update called, appId: pai-preview-trae-908f3b3b
[02:46:20.045] [PAI SDK] Received event: reload {"url":"aipa://pai-preview-trae-908f3b3b.aipa-cloud.bytedance.net?type=pai","timestamp":1780166782431}
[02:46:20.049] [PAI SDK] CloudServer received reload event: {"url":"aipa://pai-preview-trae-908f3b3b.aipa-cloud.bytedance.net?type=pai","timestamp":1780166782431}
[02:46:20.049] [PAI SDK] reload, url = https://sd62opo6oqou1ckhsuo00.apigateway-cn-beijing.volceapi.com/?faasInstanceName=vefaas-f0vkicge-pyw70jixna-d8dgnho2op1mmqgb1al0-sandbox&hash=pai-preview-trae-908f3b3b
[02:46:20.050] [PAI SDK] cloudServer.update response: {
  "status": "running",
  "reload": false,
  "hash": "pai-preview-trae-908f3b3b"
}
[02:46:20.050] Update success (pai.updateCloudDev returned)
[02:46:23.905] File change detected. Updating...
[02:46:23.910] readProjectFiles, Found 105 files to read.
[02:46:23.936] Files read. Count: 105
[02:46:23.936] Calling pai.updateCloudDev...
[02:46:23.936] [PAI SDK] cloudServer.update called, appId: pai-preview-trae-908f3b3b
[02:46:24.751] [PAI SDK] Received event: reload {"url":"aipa://pai-preview-trae-908f3b3b.aipa-cloud.bytedance.net?type=pai","timestamp":1780166787137}
[02:46:24.751] [PAI SDK] CloudServer received reload event: {"url":"aipa://pai-preview-trae-908f3b3b.aipa-cloud.bytedance.net?type=pai","timestamp":1780166787137}
[02:46:24.751] [PAI SDK] reload, url = https://sd62opo6oqou1ckhsuo00.apigateway-cn-beijing.volceapi.com/?faasInstanceName=vefaas-f0vkicge-pyw70jixna-d8dgnho2op1mmqgb1al0-sandbox&hash=pai-preview-trae-908f3b3b
[02:46:24.752] [PAI SDK] cloudServer.update response: {
  "status": "running",
  "reload": false,
  "hash": "pai-preview-trae-908f3b3b"
}
[02:46:24.752] Update success (pai.updateCloudDev returned)
[02:46:26.338] File change detected. Updating...
[02:46:26.343] readProjectFiles, Found 105 files to read.
[02:46:26.375] Files read. Count: 105
[02:46:26.375] Calling pai.updateCloudDev...
[02:46:26.375] [PAI SDK] cloudServer.update called, appId: pai-preview-trae-908f3b3b
[02:46:26.974] [PAI SDK] Received event: reload {"url":"aipa://pai-preview-trae-908f3b3b.aipa-cloud.bytedance.net?type=pai","timestamp":1780166789359}
[02:46:26.974] [PAI SDK] CloudServer received reload event: {"url":"aipa://pai-preview-trae-908f3b3b.aipa-cloud.bytedance.net?type=pai","timestamp":1780166789359}
[02:46:26.974] [PAI SDK] reload, url = https://sd62opo6oqou1ckhsuo00.apigateway-cn-beijing.volceapi.com/?faasInstanceName=vefaas-f0vkicge-pyw70jixna-d8dgnho2op1mmqgb1al0-sandbox&hash=pai-preview-trae-908f3b3b
[02:46:26.974] [PAI SDK] cloudServer.update response: {
  "status": "running",
  "reload": false,
  "hash": "pai-preview-trae-908f3b3b"
}
[02:46:26.974] Update success (pai.updateCloudDev returned)
[02:46:29.141] File change detected. Updating...
[02:46:29.146] readProjectFiles, Found 105 files to read.
[02:46:29.178] Files read. Count: 105
[02:46:29.178] Calling pai.updateCloudDev...
[02:46:29.178] [PAI SDK] cloudServer.update called, appId: pai-preview-trae-908f3b3b
[02:46:29.756] [PAI SDK] Received event: reload {"url":"aipa://pai-preview-trae-908f3b3b.aipa-cloud.bytedance.net?type=pai","timestamp":1780166792142}
[02:46:29.756] [PAI SDK] CloudServer received reload event: {"url":"aipa://pai-preview-trae-908f3b3b.aipa-cloud.bytedance.net?type=pai","timestamp":1780166792142}
[02:46:29.756] [PAI SDK] reload, url = https://sd62opo6oqou1ckhsuo00.apigateway-cn-beijing.volceapi.com/?faasInstanceName=vefaas-f0vkicge-pyw70jixna-d8dgnho2op1mmqgb1al0-sandbox&hash=pai-preview-trae-908f3b3b
[02:46:29.757] [PAI SDK] cloudServer.update response: {
  "status": "running",
  "reload": false,
  "hash": "pai-preview-trae-908f3b3b"
}
[02:46:29.757] Update success (pai.updateCloudDev returned)
[02:46:33.653] File change detected. Updating...
[02:46:33.658] readProjectFiles, Found 105 files to read.
[02:46:33.684] Files read. Count: 105
[02:46:33.685] Calling pai.updateCloudDev...
[02:46:33.685] [PAI SDK] cloudServer.update called, appId: pai-preview-trae-908f3b3b
[02:46:34.353] [PAI SDK] Received event: reload {"url":"aipa://pai-preview-trae-908f3b3b.aipa-cloud.bytedance.net?type=pai","timestamp":1780166796739}
[02:46:34.353] [PAI SDK] CloudServer received reload event: {"url":"aipa://pai-preview-trae-908f3b3b.aipa-cloud.bytedance.net?type=pai","timestamp":1780166796739}
[02:46:34.353] [PAI SDK] reload, url = https://sd62opo6oqou1ckhsuo00.apigateway-cn-beijing.volceapi.com/?faasInstanceName=vefaas-f0vkicge-pyw70jixna-d8dgnho2op1mmqgb1al0-sandbox&hash=pai-preview-trae-908f3b3b
[02:46:34.354] [PAI SDK] cloudServer.update response: {
  "status": "running",
  "reload": false,
  "hash": "pai-preview-trae-908f3b3b"
}
[02:46:34.354] Update success (pai.updateCloudDev returned)
[02:46:40.901] File change detected. Updating...
[02:46:40.906] readProjectFiles, Found 105 files to read.
[02:46:40.929] Files read. Count: 105
[02:46:40.930] Calling pai.updateCloudDev...
[02:46:40.930] [PAI SDK] cloudServer.update called, appId: pai-preview-trae-908f3b3b
[02:46:41.698] [PAI SDK] Received event: reload {"url":"aipa://pai-preview-trae-908f3b3b.aipa-cloud.bytedance.net?type=pai","timestamp":1780166804084}
[02:46:41.698] [PAI SDK] CloudServer received reload event: {"url":"aipa://pai-preview-trae-908f3b3b.aipa-cloud.bytedance.net?type=pai","timestamp":1780166804084}
[02:46:41.698] [PAI SDK] reload, url = https://sd62opo6oqou1ckhsuo00.apigateway-cn-beijing.volceapi.com/?faasInstanceName=vefaas-f0vkicge-pyw70jixna-d8dgnho2op1mmqgb1al0-sandbox&hash=pai-preview-trae-908f3b3b
[02:46:41.699] [PAI SDK] cloudServer.update response: {
  "status": "running",
  "reload": false,
  "hash": "pai-preview-trae-908f3b3b"
}
[02:46:41.699] Update success (pai.updateCloudDev returned)
[02:46:47.071] File change detected. Updating...
[02:46:47.077] readProjectFiles, Found 105 files to read.
[02:46:47.101] Files read. Count: 105
[02:46:47.101] Calling pai.updateCloudDev...
[02:46:47.102] [PAI SDK] cloudServer.update called, appId: pai-preview-trae-908f3b3b
[02:46:47.776] [PAI SDK] Received event: reload {"url":"aipa://pai-preview-trae-908f3b3b.aipa-cloud.bytedance.net?type=pai","timestamp":1780166810161}
[02:46:47.776] [PAI SDK] CloudServer received reload event: {"url":"aipa://pai-preview-trae-908f3b3b.aipa-cloud.bytedance.net?type=pai","timestamp":1780166810161}
[02:46:47.776] [PAI SDK] reload, url = https://sd62opo6oqou1ckhsuo00.apigateway-cn-beijing.volceapi.com/?faasInstanceName=vefaas-f0vkicge-pyw70jixna-d8dgnho2op1mmqgb1al0-sandbox&hash=pai-preview-trae-908f3b3b
[02:46:47.776] [PAI SDK] cloudServer.update response: {
  "status": "running",
  "reload": false,
  "hash": "pai-preview-trae-908f3b3b"
}
[02:46:47.776] Update success (pai.updateCloudDev returned)
[02:56:23.206] File change detected. Updating...
[02:56:23.214] readProjectFiles, Found 105 files to read.
[02:56:23.239] Files read. Count: 105
[02:56:23.240] Calling pai.updateCloudDev...
[02:56:23.240] [PAI SDK] cloudServer.update called, appId: pai-preview-trae-908f3b3b
[02:56:23.772] [PAI SDK] Received event: reload {"url":"aipa://pai-preview-trae-908f3b3b.aipa-cloud.bytedance.net?type=pai","timestamp":1780167386163}
[02:56:23.773] [PAI SDK] CloudServer received reload event: {"url":"aipa://pai-preview-trae-908f3b3b.aipa-cloud.bytedance.net?type=pai","timestamp":1780167386163}
[02:56:23.773] [PAI SDK] reload, url = https://sd62opo6oqou1ckhsuo00.apigateway-cn-beijing.volceapi.com/?faasInstanceName=vefaas-f0vkicge-pyw70jixna-d8dgnho2op1mmqgb1al0-sandbox&hash=pai-preview-trae-908f3b3b
[02:56:23.773] [PAI SDK] cloudServer.update response: {
  "status": "running",
  "reload": false,
  "hash": "pai-preview-trae-908f3b3b"
}
[02:56:23.773] Update success (pai.updateCloudDev returned)
[02:56:29.361] File change detected. Updating...
[02:56:29.369] readProjectFiles, Found 105 files to read.
[02:56:29.396] Files read. Count: 105
[02:56:29.396] Calling pai.updateCloudDev...
[02:56:29.396] [PAI SDK] cloudServer.update called, appId: pai-preview-trae-908f3b3b
[02:56:29.979] [PAI SDK] Received event: reload {"url":"aipa://pai-preview-trae-908f3b3b.aipa-cloud.bytedance.net?type=pai","timestamp":1780167392371}
[02:56:29.980] [PAI SDK] CloudServer received reload event: {"url":"aipa://pai-preview-trae-908f3b3b.aipa-cloud.bytedance.net?type=pai","timestamp":1780167392371}
[02:56:29.980] [PAI SDK] reload, url = https://sd62opo6oqou1ckhsuo00.apigateway-cn-beijing.volceapi.com/?faasInstanceName=vefaas-f0vkicge-pyw70jixna-d8dgnho2op1mmqgb1al0-sandbox&hash=pai-preview-trae-908f3b3b
[02:56:29.980] [PAI SDK] cloudServer.update response: {
  "status": "running",
  "reload": false,
  "hash": "pai-preview-trae-908f3b3b"
}
[02:56:29.980] Update success (pai.updateCloudDev returned)
